cycle_id,size,weight,id,harvested_at,status
15308,119.78,481.2,15542.0,2023-01-03,Partial
15308,119.78,65.54,15543.0,2023-01-03,Partial
15308,63.42,111.66,15919.0,2023-01-21,Partial
15308,113.57,180.09,15920.0,2023-01-21,Partial
15308,113.57,346.57,15921.0,2023-01-21,Partial
15308,101.81,825.3,16166.0,2023-02-02,Full
15308,53.77,216.15,16167.0,2023-02-02,Full
15308,53.77,125.86,16168.0,2023-02-02,Full
18918,75.62,551.4,5905.0,2021-06-18,Partial
18918,75.62,0.5,5906.0,2021-06-18,Partial
18918,58.61,602.81,6000.0,2021-06-30,Partial
18918,58.61,2.66,6001.0,2021-06-30,Partial
18918,50.0,637.13,6002.0,2021-07-08,Partial
18918,50.0,4.8,6003.0,2021-07-08,Partial
18918,37.311,3131.6,6439.0,2021-07-28,Full
18918,37.311,58.29,6440.0,2021-07-28,Full
17721,61.0,315.93,19432.0,2023-05-30,Full
12359,94.0,304.23,15017.0,2022-12-10,Partial
12359,94.0,8.44,15018.0,2022-12-10,Partial
12359,79.0,973.75,15561.0,2022-12-19,Partial
12359,79.0,16.75,15562.0,2022-12-19,Partial
12359,94.0,304.23,15996.0,2022-12-11,Partial
12359,94.0,8.44,15997.0,2022-12-11,Partial
12359,39.0,3797.59,16250.0,2023-01-31,Full
12359,39.0,10.0,16251.0,2023-01-31,Full
12359,39.0,3.0,16252.0,2023-01-31,Full
12359,67.5,103.86,16253.0,2023-01-31,Full
12359,67.5,6.0,16254.0,2023-01-31,Full
12359,39.0,53.63,16255.0,2023-01-31,Full
12359,39.0,2.6,16256.0,2023-01-31,Full
14822,93.55,377.85,12479.0,2022-07-19,Partial
14822,71.59,383.87,12480.0,2022-08-01,Partial
14822,60.0,2416.24,12481.0,2022-08-13,Full
16064,50.0,2.56,11621.0,2022-07-04,Full
20151,133.0,391.28,15654.0,2023-01-08,Partial
20151,192.0,30.0,15698.0,2023-01-08,Partial
20151,192.0,3.0,15762.0,2023-01-08,Partial
20151,102.0,554.04,15808.0,2023-01-16,Partial
20151,102.0,478.88,15860.0,2023-01-16,Partial
20151,180.0,75.16,15981.0,2023-01-16,Partial
20151,73.5,891.84,16292.0,2023-02-10,Full
20151,73.5,31.46,16293.0,2023-02-10,Full
20151,190.0,29.0,16315.0,2023-02-10,Full
20151,190.0,6.44,16319.0,2023-02-10,Full
20151,190.0,2.0,16320.0,2023-02-10,Full
20151,190.0,2.78,16321.0,2023-02-10,Full
20151,190.0,5.0,16322.0,2023-02-10,Full
20151,190.0,1.5,16323.0,2023-02-10,Full
20151,190.0,17.22,16324.0,2023-02-10,Full
17633,82.09,117.11,9388.0,2022-01-09,Full
17741,96.6,244.8,11156.0,2022-06-18,Partial
17741,96.6,8.76,11164.0,2022-06-18,Partial
17741,37.8,841.87,12156.0,2022-07-25,Full
17741,37.0,13.9,12157.0,2022-07-25,Full
20837,141.0,1062.73,15567.0,2023-01-06,Full
20837,141.0,104.82,15568.0,2023-01-06,Full
20837,141.0,82.26,15569.0,2023-01-06,Full
20259,130.0,222.6,16610.0,2023-03-07,Partial
20259,91.2,413.55,16902.0,2023-03-21,Partial
20259,68.4,494.74,17201.0,2023-04-04,Partial
20259,54.48,410.92,17496.0,2023-04-15,Partial
20259,41.8,2464.66,17857.0,2023-05-03,Full
15778,160.0,666.8,12872.0,2022-08-28,Full
15067,350.0,84.0,16923.0,2023-03-24,Partial
15067,350.0,173.0,17097.0,2023-04-02,Full
16636,165.0,100.0,16426.0,2023-02-19,Partial
16636,130.0,30.0,16554.0,2023-02-25,Partial
16636,120.0,515.0,16555.0,2023-02-27,Full
19318,98.0,800.0,13132.0,2022-09-03,Full
12491,50.0,4600.0,12813.0,2022-07-20,Failed
16513,139.24,573.24,15536.0,2023-01-03,Partial
16513,139.24,1.88,15537.0,2023-01-03,Partial
16513,102.31,745.6,15928.0,2023-01-22,Partial
16513,102.31,25.45,15929.0,2023-01-22,Partial
16513,89.24,973.03,16177.0,2023-02-01,Full
16513,98.44,38.89,16178.0,2023-02-01,Full
20294,103.0,215.0,17826.0,2023-05-09,Full
15017,296.8,0.4,10446.0,2022-04-09,Partial
15017,170.3,1.42,10447.0,2022-04-16,Partial
15017,126.4,1.52,10448.0,2022-04-23,Partial
15017,79.9,2071.72,10644.0,2022-05-12,Full
15017,102.8,597.4,10670.0,2022-05-04,Partial
17437,77.0,447.62,13521.0,2022-10-03,
17437,77.0,64.58,13522.0,2022-10-03,
17437,79.0,643.42,13884.0,2022-10-15,Full
17437,77.0,447.62,13948.0,2022-10-03,Partial
17437,79.0,38.2,13949.0,2022-10-15,Full
17437,58.0,33.68,13950.0,2022-10-15,Full
17437,58.0,571.54,13959.0,2022-10-15,Full
17437,77.0,64.58,14097.0,2022-10-03,Partial
17437,58.0,571.54,14109.0,2022-10-15,Full
17437,79.0,38.2,14110.0,2022-10-15,Full
17437,79.0,33.68,14111.0,2022-10-15,
17437,58.0,571.74,14498.0,2022-10-15,
17437,79.0,38.2,14499.0,2022-10-15,
17437,58.0,33.68,14500.0,2022-10-15,Full
21019,158.36,737.01,12075.0,2022-07-23,Full
21019,158.36,9.58,12076.0,2022-07-23,Full
17882,210.0,240.0,19619.0,2023-07-11,Full
16961,230.0,42.0,10259.0,2021-02-23,Partial
16961,185.0,153.0,10260.0,2021-03-06,Full
16626,450.0,95.0,17592.0,2023-04-26,Full
9104,88.0,72.0,10937.0,2022-06-02,Full
16666,138.0,1.0,5473.0,2021-06-11,Partial
16666,138.0,256.85,5474.0,2021-06-11,Partial
16666,92.83,508.47,5984.0,2021-06-27,Partial
16666,92.83,0.66,5985.0,2021-06-27,Partial
16666,71.0,611.23,6048.0,2021-07-09,Partial
16666,71.0,4.69,6049.0,2021-07-09,Partial
16666,54.276,2306.2,6429.0,2021-07-30,Full
16666,54.276,0.0,6430.0,2021-07-30,Full
15511,304.0,262.46,11312.0,2022-06-30,Full
9097,250.0,97.54,9031.0,2021-11-27,Partial
9097,210.0,89.39,9032.0,2021-12-07,Partial
9097,136.0,85.53,9033.0,2022-01-05,Full
17832,140.0,70.0,13124.0,2022-09-13,Full
14437,20.4,3759.0,15837.0,2023-01-18,Full
21023,88.0,8555.0,18671.0,2023-04-02,Full
20742,60.2,1549.31,15486.0,2023-01-02,Full
20742,150.0,80.11,15487.0,2023-01-02,Full
20742,60.2,15.0,15489.0,2023-01-02,Full
20742,60.2,127.0,15495.0,2023-01-02,Full
19685,51.08,166.18,15291.0,2022-12-21,Full
16331,300.0,17.0,11588.0,2022-06-23,Full
17639,57.0,488.11,10119.0,2022-04-06,Partial
17639,42.0,13.5,10343.0,2022-04-23,Partial
17639,42.0,743.7,10463.0,2022-04-23,Partial
17639,42.0,31.0,10464.0,2022-04-23,Partial
17639,57.0,27.65,10477.0,2022-04-06,Partial
17639,30.0,1888.9,10609.0,2022-05-09,Full
17639,50.0,55.15,10610.0,2022-05-09,Full
17639,30.0,12.0,10611.0,2022-05-09,Full
17639,30.0,11.0,10613.0,2022-05-09,Full
15493,350.0,110.0,17134.0,2023-04-04,Full
19303,17.5,3078.0,14947.0,2022-12-08,Full
18827,153.0,15.0,19643.0,2023-07-02,Full
19471,96.0,3000.0,18415.0,2023-06-04,Full
15789,190.0,300.0,11383.0,2022-06-21,Full
15789,190.0,288.71,12603.0,2022-06-21,Full
15789,200.0,90.0,12604.0,2022-06-21,Full
20671,177.0,136.8,16639.0,2023-03-12,Partial
20671,177.0,136.8,16686.0,2023-03-12,
20671,140.0,61.8,16921.0,2023-03-26,Partial
20671,177.0,136.8,16974.0,2023-03-12,
20671,140.0,61.8,16975.0,2023-03-26,
20671,177.0,136.8,17558.0,2023-03-12,Partial
20671,140.0,61.8,17560.0,2023-03-26,Partial
20671,95.0,534.05,17565.0,2023-04-17,Full
20671,95.0,12.8,17566.0,2023-04-17,Full
18754,130.0,370.0,10302.0,2022-04-16,Partial
18754,128.0,284.0,10303.0,2022-04-18,Full
15836,22.2,3740.0,18859.0,2023-06-20,Full
23531,166.0,816.0,14468.0,2022-11-11,Partial
20246,100.0,272.5,16636.0,2023-03-12,Partial
20246,71.0,251.55,16919.0,2023-03-26,Partial
20246,56.0,235.85,17176.0,2023-04-06,Partial
20246,48.0,892.72,17500.0,2023-04-17,Full
20246,48.0,122.87,17501.0,2023-04-17,Full
21834,210.0,160.0,17877.0,2023-05-10,Partial
21834,110.0,170.0,18104.0,2023-05-21,Full
19855,284.0,0.41,10440.0,2022-04-09,Partial
19855,163.1,1.23,10441.0,2022-04-16,Partial
19855,125.4,1.85,10442.0,2022-04-23,Partial
19855,101.5,486.0,10668.0,2022-05-04,Partial
19855,76.5,2339.65,10679.0,2022-05-14,Full
18223,675.0,0.0,14432.0,2022-10-20,Failed
19615,102.9,683.3,16026.0,2023-01-28,Partial
19615,102.9,13.3,16027.0,2023-01-28,Partial
19615,65.0,846.2,16378.0,2023-02-16,Partial
19615,65.0,4.8,16379.0,2023-02-16,Partial
19615,43.8,2320.8,16618.0,2023-03-09,Full
19615,43.8,30.6,16619.0,2023-03-09,Full
19615,43.8,25.0,16620.0,2023-03-09,Full
19615,43.8,14.0,16628.0,2023-03-11,FINISIHING
19615,43.8,6.0,16651.0,2023-03-11,Full
17632,61.0,378.5,10465.0,2022-04-23,Partial
17632,70.0,10.0,10466.0,2022-04-23,Partial
17632,70.0,43.6,10478.0,2022-04-23,Partial
17632,45.0,327.4,10606.0,2022-05-09,Partial
17632,67.0,73.05,10607.0,2022-05-09,Partial
17632,90.0,19.0,10608.0,2022-05-09,Partial
17632,39.0,340.0,10766.0,2022-05-23,Full
17632,33.0,1.0,10767.0,2022-05-23,Full
17632,39.0,1.0,10768.0,2022-05-23,Full
17632,53.0,7.0,10769.0,2022-05-23,Full
17632,53.0,25.0,10770.0,2022-05-23,Full
17632,53.0,76.0,10771.0,2022-05-23,Full
17632,53.0,76.0,10781.0,2022-05-23,Full
17632,39.0,1.0,10784.0,2022-05-23,Full
20075,32.6,675.9,18501.0,2023-06-06,Full
19957,47.0,2400.0,16336.0,2023-01-06,Full
15819,23.2,5319.0,17608.0,2023-04-25,Full
15869,157.21,361.73,16070.0,2023-01-30,Partial
15869,147.36,688.03,16262.0,2023-02-07,Full
15869,280.0,122.44,16263.0,2023-02-07,Full
18670,68.94,4505.16,9387.0,2022-01-05,Full
15219,86.11,277.32,12344.0,2022-08-05,Full
15219,86.11,45.03,12345.0,2022-08-05,Full
15005,87.0,390.0,11008.0,2022-06-10,Full
15005,87.0,714.0,11009.0,2022-06-10,Full
15005,87.0,300.0,11010.0,2022-06-10,Full
15005,87.0,570.0,11011.0,2022-06-10,Full
15005,87.0,234.65,11012.0,2022-06-10,Full
17860,200.0,105.5,12073.0,2022-07-21,Full
14094,18.0,5026.0,17260.0,2023-03-18,Full
18233,400.0,50.0,17117.0,2023-04-03,Partial
18233,310.0,110.0,17291.0,2023-04-12,Partial
18233,200.0,50.0,17543.0,2023-04-25,Partial
18233,190.0,135.0,17544.0,2023-04-26,Full
15508,49.0,368.0,13355.0,2022-09-22,Partial
15508,73.0,21.0,13356.0,2022-09-22,Partial
15508,40.0,376.35,13537.0,2022-10-04,Partial
15508,76.0,11.68,13538.0,2022-10-04,Partial
15508,200.0,4.0,13539.0,2022-10-04,Partial
15508,28.0,1300.0,14562.0,2022-11-01,Full
19077,150.0,200.0,17878.0,2023-05-10,Partial
19077,110.0,400.0,17934.0,2023-05-16,Full
16365,106.34,320.18,13291.0,2022-09-18,Partial
16365,99.61,0.59,13301.0,2022-09-18,Partial
16365,72.18,143.72,13483.0,2022-09-29,Partial
16365,78.18,0.26,13494.0,2022-09-29,Partial
16365,60.52,362.3,13656.0,2022-10-10,Partial
16365,60.52,3.48,13657.0,2022-10-10,Partial
16365,55.38,3042.01,13854.0,2022-10-17,Full
16365,55.38,53.98,13855.0,2022-10-17,Full
15066,114.0,287.81,5434.0,2021-06-11,Partial
15066,114.0,1.0,5460.0,2021-06-11,Partial
15066,77.83,498.9,5968.0,2021-06-27,Partial
15066,77.83,0.66,5969.0,2021-06-27,Partial
15066,63.6,608.86,6036.0,2021-07-09,Partial
15066,63.6,4.69,6037.0,2021-07-09,Partial
15066,50.822,2479.1,6417.0,2021-07-29,Full
15066,50.822,34.36,6418.0,2021-07-29,Full
12863,93.33,952.35,17007.0,2023-03-29,Partial
12863,158.0,21.3,17008.0,2023-03-29,Partial
12863,79.11,959.7,17215.0,2023-04-08,Partial
12863,124.0,117.05,17216.0,2023-04-08,Partial
19294,160.0,200.0,13758.0,2022-10-14,Partial
19294,125.0,20.0,13923.0,2022-10-21,Full
18538,23.5,6220.0,14939.0,2022-12-02,Full
15805,61.0,127.35,10344.0,2022-04-20,Full
15805,120.0,41.5,10345.0,2022-04-20,Full
15805,100.0,10.0,10346.0,2022-04-20,Full
15805,120.0,16.5,10347.0,2022-04-20,Full
18403,95.98,545.66,5907.0,2021-06-18,Partial
18403,95.98,0.5,5908.0,2021-06-18,Partial
18403,71.42,568.17,6004.0,2021-06-30,Partial
18403,71.42,2.66,6005.0,2021-06-30,Partial
18403,63.8,659.03,6006.0,2021-07-08,Partial
18403,63.8,4.8,6007.0,2021-07-08,Partial
18403,47.649,3193.0,6441.0,2021-07-28,Full
18403,47.649,107.25,6442.0,2021-07-28,Full
20124,43.0,1041.0,12927.0,2022-08-13,Full
20124,65.0,110.0,12928.0,2022-08-13,Full
16588,110.0,250.0,17400.0,2023-04-11,Full
14583,111.23,321.26,12107.0,2022-07-23,Full
14583,111.23,21.87,12108.0,2022-07-23,Full
14583,111.23,18.11,12109.0,2022-07-23,Full
16332,93.3,3026.5,11527.0,2022-07-06,Partial
16332,60.4,3577.0,12061.0,2022-07-23,Partial
16332,40.3,3340.6,12360.0,2022-08-09,Partial
16332,31.9,3453.5,12836.0,2022-08-25,Partial
16332,26.53,10369.1,13069.0,2022-09-09,Full
18468,94.0,763.45,4744.0,2021-04-12,Partial
18468,81.0,2696.8,4911.0,2021-04-21,Failed
18958,67.45,592.76,6359.0,2021-08-04,Partial
18958,47.78,546.72,6558.0,2021-08-17,Full
15812,84.0,458.94,15009.0,2022-12-10,Partial
15812,84.0,13.5,15010.0,2022-12-10,Partial
15812,68.0,1289.65,15318.0,2022-12-20,Partial
15812,68.0,42.16,15319.0,2022-12-20,Partial
15812,37.6,5282.69,16080.0,2023-01-30,Full
15812,59.4,208.81,16081.0,2023-01-30,Full
15812,37.6,169.84,16082.0,2023-01-30,Full
15812,37.6,5.0,16083.0,2023-01-30,Full
21089,85.82,666.69,15902.0,2023-01-23,Partial
21089,85.82,22.94,15903.0,2023-01-23,Partial
21089,69.55,2580.49,16219.0,2023-02-03,Full
21089,69.55,88.12,16220.0,2023-02-03,Full
9098,190.0,288.71,11383.0,2022-06-21,Full
9098,200.0,90000.0,12432.0,2022-07-19,Full
9098,140.0,1270.0,13793.0,2022-09-29,Full
21944,207.03,211.61,11947.0,2022-07-16,Full
21944,226.47,7.23,11948.0,2022-07-16,Full
15015,109.0,238.0,18402.0,2023-06-06,Partial
15015,83.0,206.0,18639.0,2023-06-14,Partial
15015,53.0,225.74,19198.0,2023-07-03,Partial
15015,47.0,1260.0,19572.0,2023-07-11,Full
19313,98.0,226.4,13777.0,2022-10-15,Full
19313,140.0,48.05,13778.0,2022-10-15,Full
19313,120.0,3.0,13779.0,2022-10-15,Full
19313,120.0,7.5,13780.0,2022-10-15,Full
20936,78.74,685.76,13137.0,2022-09-14,Partial
20936,78.74,3.45,13138.0,2022-09-14,Partial
20936,51.2,2540.0,13708.0,2022-10-11,Full
20936,51.2,143.67,13709.0,2022-10-11,Full
20936,51.2,7.0,13789.0,2022-10-15,finishing (pengesatan)
17631,84.43,591.09,15285.0,2022-12-19,Partial
17631,84.43,21.38,15286.0,2022-12-19,Partial
17631,69.27,751.27,15506.0,2023-01-03,Partial
17631,69.27,35.4,15526.0,2023-01-03,Partial
17631,66.3,857.64,15624.0,2023-01-09,Full
17631,66.3,83.47,15685.0,2023-01-09,Full
17631,66.3,13.01,15686.0,2023-01-09,Full
17631,66.3,41.39,15687.0,2023-01-09,Full
18975,107.0,201.9,13773.0,2022-10-15,Full
18975,150.0,52.9,13774.0,2022-10-15,Full
18975,130.0,5.0,13775.0,2022-10-15,Full
18975,130.0,6.8,13776.0,2022-10-15,Full
20949,40.0,5000.0,13059.0,2022-07-01,Full
16006,98.6,288.97,14654.0,2022-11-23,Partial
16006,65.7,392.39,17330.0,2022-12-07,Partial
16006,50.0,865.25,17331.0,2022-12-21,Partial
16006,38.0,1401.74,17332.0,2023-01-11,Full
20975,30.0,5389.6,18326.0,2023-05-25,Full
15772,78.74,624.22,15900.0,2023-01-23,Partial
15772,78.74,18.68,15901.0,2023-01-23,Partial
15772,65.33,2480.69,16225.0,2023-02-04,Full
15772,65.33,93.75,16226.0,2023-02-04,Full
15772,65.33,21.0,16227.0,2023-02-04,Full
15775,124.0,1.22,10430.0,2022-04-24,Partial
15775,126.58,0.86,10431.0,2022-04-24,Partial
15775,265.5,0.29,10449.0,2022-04-10,Partial
15775,158.6,1.47,10450.0,2022-04-17,Partial
15775,100.4,962.4,10663.0,2022-05-04,Partial
15775,70.0,1398.95,10811.0,2022-05-17,Partial
15775,61.0,4257.0,10812.0,2022-05-24,Full
17609,125.0,370.0,15657.0,2023-01-08,Partial
17609,192.0,25.0,15694.0,2023-01-08,Partial
17609,192.0,0.66,15764.0,2023-01-08,Partial
17609,102.0,599.68,15809.0,2023-01-16,Partial
17609,102.0,547.88,15859.0,2023-01-16,Partial
17609,180.0,50.0,15972.0,2023-01-17,Partial
17609,180.0,1.8,15984.0,2023-01-17,Partial
17609,73.1,267.62,16185.0,2023-02-03,Partial
17609,73.1,9.92,16186.0,2023-02-03,Partial
17609,175.0,5.04,16204.0,2023-02-03,Partial
17609,72.4,954.24,16284.0,2023-02-09,Full
17609,72.4,13.66,16285.0,2023-02-09,Full
17609,190.0,28.26,16300.0,2023-02-09,Full
17609,190.0,0.34,16311.0,2023-02-09,Full
17609,190.0,3.5,16312.0,2023-02-09,Full
17749,179.0,0.8,16828.0,2023-02-27,Partial
17749,103.0,2.09,16834.0,2023-03-13,Partial
17749,66.0,2.86,17084.0,2023-03-27,Partial
17749,79.0,2.13,17089.0,2023-03-20,Partial
17749,130.0,1.38,17292.0,2023-03-06,Partial
17749,65.0,2.47,17295.0,2023-04-03,Partial
17749,60.0,2.65,17298.0,2023-04-09,Partial
17749,62.0,927.1,17299.0,2023-04-11,Full
17749,95.0,57.15,17302.0,2023-04-11,Full
17749,70.0,16.0,17307.0,2023-04-11,Full
19239,156.0,438.74,15664.0,2023-01-09,Partial
19239,119.0,532.34,15823.0,2023-01-17,Partial
19239,119.0,506.88,15873.0,2023-01-17,Partial
19239,180.0,8.58,15994.0,2023-01-17,Partial
19239,225.0,16.88,16004.0,2023-01-17,Partial
19239,82.0,1357.86,16286.0,2023-02-09,Full
19239,82.0,24.64,16287.0,2023-02-09,Full
19239,190.0,67.48,16301.0,2023-02-09,Full
19239,190.0,7.0,16304.0,2023-02-09,Full
19239,190.0,0.6,16310.0,2023-02-09,Full
20857,71.0,108.78,12909.0,2022-08-27,Full
19261,130.0,577.0,15409.0,2022-12-04,Partial
19261,92.0,747.54,15410.0,2022-12-15,Partial
19261,65.0,1187.24,15411.0,2022-12-26,Full
20617,102.0,452.21,9353.0,2022-01-22,Partial
20617,66.0,392.0,9474.0,2022-02-05,Partial
20617,125.0,52.26,9475.0,2022-02-05,Partial
20617,45.0,270.94,9602.0,2022-02-17,Full
20617,70.0,26.72,9603.0,2022-02-17,Full
20617,45.0,270.94,9786.0,2022-02-17,Full
20617,70.0,70.0,9787.0,2022-02-17,Full
20617,66.0,392.0,9788.0,2022-02-05,Partial
20617,140.0,40.0,9789.0,2022-01-22,Partial
20617,125.0,52.26,9791.0,2022-02-05,Partial
14577,365.5,0.2,10437.0,2022-04-09,Partial
14577,173.0,1.66,10438.0,2022-04-16,Partial
14577,127.2,0.98,10439.0,2022-04-23,Partial
14577,38.0,1013.0,11027.0,2022-06-12,Full
16334,164.5,337.0,15581.0,2022-11-23,Partial
16334,118.1,698.5,15599.0,2022-12-14,Partial
16334,87.0,366.4,15740.0,2023-01-03,Partial
16334,76.2,2670.31,16134.0,2023-01-21,Full
17218,220.0,795.0,14986.0,2022-11-25,Full
21688,103.56,163.59,12181.0,2022-06-26,Partial
21688,80.0,180.0,12182.0,2022-07-07,Partial
21688,47.8,1200.0,12207.0,2022-08-01,Full
21688,80.0,180.0,12435.0,2022-08-01,
21688,103.0,163.59,12436.0,2022-08-01,
10714,95.38,386.54,12485.0,2022-07-19,Partial
10714,71.78,377.49,12486.0,2022-08-01,Partial
10714,64.47,2315.29,12487.0,2022-08-12,Full
13451,113.0,829.45,14170.0,2022-08-23,Partial
13451,77.1,1100.9,14171.0,2022-09-03,Partial
13451,55.0,1045.1,14172.0,2022-09-13,Partial
13451,40.2,888.9,14173.0,2022-09-27,Partial
13451,33.0,4024.3,14174.0,2022-10-08,Full
19686,134.0,410.14,15648.0,2023-01-08,Partial
19686,115.0,565.78,15798.0,2023-01-15,Partial
19686,115.0,10.0,15842.0,2023-01-15,Partial
19686,115.0,476.82,15852.0,2023-01-15,Partial
19686,205.0,25.0,15940.0,2023-01-15,Partial
19686,195.0,25.0,15941.0,2023-01-15,Partial
19686,195.0,20.0,15942.0,2023-01-15,Partial
19686,185.0,9.68,15950.0,2023-01-15,Partial
19686,195.0,5.0,15977.0,2023-01-15,Partial
19686,195.0,2.0,15978.0,2023-01-15,Partial
19686,195.0,2.28,15979.0,2023-01-15,Partial
19686,72.4,279.16,16191.0,2023-02-03,Partial
19686,72.4,12.0,16192.0,2023-02-03,Partial
19686,72.4,20.0,16197.0,2023-02-03,Partial
19686,175.0,7.46,16200.0,2023-02-03,Partial
19686,175.0,0.78,16206.0,2023-02-03,Partial
19686,73.7,759.86,16281.0,2023-02-09,Full
19686,73.7,18.64,16282.0,2023-02-09,Full
19686,190.0,26.72,16298.0,2023-02-09,Full
19686,190.0,2.86,16308.0,2023-02-09,Full
21716,110.0,500.0,12265.0,2022-07-28,Full
19068,166.0,280.86,15546.0,2023-01-05,Partial
19068,255.0,20.0,15552.0,2023-01-05,Partial
19068,167.0,291.72,15790.0,2023-01-15,Partial
19068,185.0,305.0,15888.0,2023-01-18,Full
18590,78.0,170.0,12090.0,2022-07-22,Full
18590,80.0,170.0,12269.0,2022-07-22,Full
16328,109.0,1285.13,14165.0,2022-08-23,Partial
16328,73.8,1021.4,14166.0,2022-09-03,Partial
16328,52.0,867.4,14167.0,2022-09-13,Partial
16328,40.2,903.0,14168.0,2022-09-27,Partial
16328,33.0,3029.5,14169.0,2022-10-11,Full
19307,124.16,420.9,15898.0,2023-01-23,Partial
19307,124.16,30.88,15899.0,2023-01-23,Partial
19307,106.19,2373.07,16221.0,2023-02-03,Full
19307,106.19,199.18,16222.0,2023-02-03,Full
19063,57.0,918.0,11107.0,2022-06-17,Full
19063,57.0,318.0,11108.0,2022-06-17,Full
19063,57.0,480.0,11109.0,2022-06-17,Full
19063,57.0,120.0,11110.0,2022-06-17,Full
23362,42.6,221.2,18787.0,2023-05-28,Full
23362,45.0,10.83,18788.0,2023-05-28,Full
23362,215.0,13.89,18789.0,2023-05-28,Full
20550,54.0,4000.0,14726.0,2022-10-15,Partial
19238,61.0,884.0,12347.0,2022-07-19,Full
17728,120.0,303.0,13816.0,2022-10-14,Partial
17728,111.0,619.0,14188.0,2022-10-22,Full
17728,111.0,853.7,14189.0,2022-10-22,Full
17728,120.0,78.7,14456.0,2022-10-14,Partial
17728,111.0,619.44,14460.0,2022-10-12,Partial
17728,111.0,853.7,14461.0,2022-10-12,Partial
12348,95.8,753.4,16024.0,2023-01-28,Partial
12348,95.8,15.0,16025.0,2023-01-28,Partial
12348,57.0,893.58,16377.0,2023-02-16,Partial
12348,39.0,1700.7,16616.0,2023-03-09,Full
12348,39.0,92.4,16617.0,2023-03-09,Full
17720,91.0,474.75,10486.0,2022-04-23,Partial
17720,58.0,816.35,10652.0,2022-05-10,Partial
17720,58.0,1826.3,10653.0,2022-05-11,Failed
17720,58.0,31.75,10656.0,2022-05-11,Failed
14585,54.0,226.45,10118.0,2022-04-06,Partial
14585,47.0,560.0,10265.0,2022-04-13,Full
14585,47.0,20.0,10473.0,2022-04-13,Full
14585,47.0,2.0,10474.0,2022-04-13,Full
14585,47.0,2.0,10475.0,2022-04-13,Full
14585,47.0,1.0,10476.0,2022-04-13,Full
18405,32.0,4531.0,18458.0,2023-06-08,Full
21024,86.0,712.17,17938.0,2023-05-17,Partial
21024,200.0,0.86,17983.0,2023-05-17,Partial
21024,86.0,0.39,18006.0,2023-05-17,Partial
21024,86.0,0.11,18096.0,2023-05-17,Partial
21024,64.0,640.51,18187.0,2023-05-27,Partial
21024,180.0,1.04,18188.0,2023-05-27,Partial
21024,64.0,60.0,18189.0,2023-05-27,Partial
21024,64.0,30.0,18190.0,2023-05-27,Partial
21024,46.0,574.42,18575.0,2023-06-13,Partial
21024,120.0,1.21,18576.0,2023-06-13,Partial
21024,46.0,3.15,18577.0,2023-06-13,Partial
21024,45.0,423.92,18807.0,2023-06-21,Partial
21024,45.0,50.0,18809.0,2023-06-21,Partial
21024,45.0,10.71,18810.0,2023-06-21,Partial
21024,44.0,670.59,18854.0,2023-06-23,Partial
21024,80.0,19.33,18855.0,2023-06-23,Partial
21024,44.0,9.16,18856.0,2023-06-23,Partial
21024,43.0,1514.03,19010.0,2023-06-30,Full
21024,68.0,153.85,19011.0,2023-06-30,Full
21024,43.0,59.86,19012.0,2023-06-30,Full
14095,52.0,1100.0,16333.0,2023-01-12,Failed
12864,116.4,0.86,10428.0,2022-04-26,Partial
12864,318.5,0.25,10459.0,2022-04-12,Partial
12864,176.5,0.9,10460.0,2022-04-19,Partial
12864,103.3,596.8,10666.0,2022-05-04,Partial
12864,72.5,2210.3,10724.0,2022-05-16,Full
18817,150.0,500.0,19625.0,2023-07-07,Full
12867,133.9,361.0,15577.0,2022-11-15,Partial
12867,88.0,1082.4,15591.0,2022-12-19,Partial
12867,109.0,727.0,15592.0,2022-11-29,Partial
12867,74.0,367.3,15745.0,2023-01-10,Partial
12867,66.0,2488.9,16129.0,2023-01-16,Full
15006,84.0,641.0,11619.0,2022-07-04,Full
18396,62.0,255.26,11138.0,2022-06-18,Partial
18396,126.0,16.0,11139.0,2022-06-18,Partial
18396,62.0,255.26,11239.0,2022-06-18,
18396,62.0,16.0,11240.0,2022-06-18,
18396,46.0,747.89,12040.0,2022-07-04,Full
18396,58.0,29.27,12041.0,2022-07-04,Full
20714,90.85,559.77,15271.0,2022-12-19,Partial
20714,90.85,16.01,15272.0,2022-12-19,Partial
20714,78.36,660.5,15502.0,2023-01-02,Partial
20714,78.36,37.53,15519.0,2023-01-02,Partial
20714,72.41,957.84,15773.0,2023-01-12,Full
20714,72.41,117.47,15774.0,2023-01-12,Full
22535,210.0,202.0,17078.0,2023-04-01,Partial
22535,200.0,205.0,17169.0,2023-04-06,Partial
22535,190.0,531.0,17241.0,2023-04-09,Full
20948,54.0,2700.0,15672.0,2023-01-05,Full
19534,58.0,835.0,11106.0,2022-06-18,Full
19534,58.0,450.0,11107.0,2022-06-17,Full
19534,58.0,450.0,11222.0,2022-06-17,
15435,136.0,672.2,10197.0,2021-12-23,Partial
15435,93.0,715.1,10198.0,2022-01-01,Partial
15435,75.0,822.0,10199.0,2022-01-04,Partial
15435,36.0,5415.1,10200.0,2022-02-02,Full
12866,76.0,211.9,16353.0,2023-02-14,Partial
12866,110.0,23.5,16357.0,2023-02-14,Partial
12866,65.0,132.0,16369.0,2023-02-14,Partial
12866,45.0,694.86,16761.0,2023-03-15,Full
12866,60.0,87.0,16762.0,2023-03-15,Full
12866,60.0,34.7,16763.0,2023-03-15,Full
12866,45.0,2.27,16797.0,2023-03-11,Partial
19315,69.95,3287.01,9382.0,2022-01-05,Full
19614,160.0,75.0,17183.0,2023-04-07,Partial
19614,161.0,60.0,17339.0,2023-04-13,Full
18140,65.0,400.0,14714.0,2022-11-23,Full
12869,185.0,314.74,17384.0,2023-04-16,Full
22532,135.0,1.0,5465.0,2021-06-11,Partial
22532,135.0,223.49,5466.0,2021-06-11,Partial
22532,85.2,408.68,5976.0,2021-06-27,Partial
22532,85.2,0.66,5977.0,2021-06-27,Partial
22532,68.66,460.2,6040.0,2021-07-09,Partial
22532,68.66,4.69,6041.0,2021-07-09,Partial
22532,49.866,1783.4,6421.0,2021-07-29,Full
22532,49.866,68.46,6422.0,2021-07-29,Full
15498,110.52,52.49,12093.0,2022-07-22,Full
15498,110.52,452.83,12094.0,2022-07-22,Full
15498,110.52,5.0,12110.0,2022-07-22,Full
20763,99.45,287.02,13297.0,2022-09-18,Partial
20763,76.71,175.53,13488.0,2022-09-29,Partial
20763,76.71,2.21,13499.0,2022-09-29,Partial
20763,59.1,217.6,13646.0,2022-10-10,Partial
20763,59.1,6.76,13647.0,2022-10-10,Partial
20763,53.63,2885.44,13852.0,2022-10-17,Full
20763,53.63,94.39,13853.0,2022-10-17,Full
15835,68.0,1105.3,10105.0,2022-04-04,Full
15835,68.0,844.5,10469.0,2022-04-04,Full
15835,90.0,63.3,10470.0,2022-04-04,Full
15835,75.0,103.0,10471.0,2022-04-04,Full
15835,110.0,36.5,10472.0,2022-04-04,Full
15835,68.0,844.5,10604.0,2022-04-04,Full
15835,90.0,63.3,10605.0,2022-04-04,Full
17640,76.0,3800.0,12908.0,2022-08-13,Failed
18277,27.3,4217.0,18136.0,2023-05-21,Full
21659,260.0,7800.0,13718.0,2022-09-06,Failed
19302,124.0,558.25,14175.0,2022-08-23,Partial
19302,76.7,662.3,14176.0,2022-09-03,Partial
19302,60.0,518.8,14177.0,2022-09-13,Partial
19302,46.5,820.5,14178.0,2022-09-27,Partial
19302,35.0,2958.5,14179.0,2022-10-13,Full
18921,67.72,733.59,6350.0,2021-08-04,Partial
18921,48.5,1162.19,6552.0,2021-08-17,Full
15496,133.0,100.0,10996.0,2022-05-08,Partial
15496,133.0,750.0,11004.0,2022-05-13,Partial
15496,133.0,750.0,11496.0,2022-05-14,Full
18133,80.0,406.73,8956.0,2021-11-09,Full
21660,65.0,453.5,10120.0,2022-04-06,Partial
21660,65.0,16.84,10312.0,2022-04-06,Partial
21660,57.0,1292.85,10314.0,2022-04-14,Full
21660,57.0,50.0,10315.0,2022-04-14,Full
21660,57.0,20.0,10316.0,2022-04-14,Full
21660,57.0,103.84,10317.0,2022-04-14,Full
21660,55.0,2.0,10318.0,2022-04-14,Full
21660,57.0,3.0,10321.0,2022-04-14,Full
20668,116.0,292.32,13290.0,2022-09-18,Partial
20668,84.67,199.51,13492.0,2022-09-29,Partial
20668,84.67,1.8,13503.0,2022-09-29,Partial
20668,67.53,284.15,13644.0,2022-10-10,Partial
20668,67.53,7.93,13645.0,2022-10-10,Partial
20668,58.34,3477.12,14055.0,2022-10-24,Full
20668,58.34,106.75,14056.0,2022-10-24,Full
20943,80.0,300.0,19365.0,2023-06-25,Partial
20943,90.0,250.0,19366.0,2023-06-17,Partial
20943,80.0,215.0,19367.0,2023-07-05,Full
19066,115.0,266.44,11898.0,2022-07-16,Partial
19066,96.0,30.0,12070.0,2022-07-23,Partial
19066,93.0,281.0,12092.0,2022-07-24,Partial
19066,74.0,305.36,12211.0,2022-08-02,Partial
19066,64.0,152.0,12367.0,2022-08-10,Partial
19066,45.9,1570.18,12910.0,2022-08-27,Full
17532,84.0,628.15,10991.0,2022-06-09,Full
17532,86.0,300.0,10992.0,2022-06-09,Full
17532,86.0,31.0,10993.0,2022-06-09,Full
17532,86.0,991.2,11013.0,2022-06-10,Full
17532,85.0,300.0,11183.0,2022-06-09,Full
9091,214.52,268.2,12080.0,2022-07-22,Full
17306,110.0,374.85,10926.0,2022-06-06,Partial
17306,94.0,386.5,11041.0,2022-06-13,Partial
17306,59.0,845.0,11368.0,2022-07-01,Full
20665,18.5,6119.0,17259.0,2023-03-17,Full
19669,78.0,3200.0,15339.0,2022-10-26,Partial
19669,46.0,5600.0,15340.0,2022-12-03,Full
18446,59.8,944.5,18782.0,2023-05-28,Full
18446,70.0,92.39,18783.0,2023-05-28,Full
18446,60.0,134.23,18784.0,2023-05-28,Full
18446,124.0,606.0,18785.0,2023-05-29,Full
18446,300.0,18.0,18786.0,2023-05-29,Full
19050,116.0,307.25,19431.0,2023-05-30,Full
15758,102.0,350.35,11066.0,2022-06-14,Partial
15758,76.0,407.0,11395.0,2022-07-03,Partial
15758,100.0,29.12,11637.0,2022-07-09,Partial
15758,64.0,220.0,11638.0,2022-07-09,Partial
15758,51.0,360.0,12056.0,2022-07-22,Full
15758,70.0,25.5,12057.0,2022-07-22,Full
19803,139.0,242.51,15557.0,2023-01-05,Partial
19803,214.0,28.28,15558.0,2023-01-05,Partial
19803,159.0,300.0,15787.0,2023-01-15,Full
19803,138.0,170.0,15788.0,2023-01-15,Partial
19803,212.0,19.0,15789.0,2023-01-15,Partial
19314,172.0,6.5,11892.0,2022-07-15,Partial
19314,170.0,10.6,11894.0,2022-07-16,Full
20429,165.0,812.95,10534.0,2022-05-05,Partial
20429,176.0,540.0,10631.0,2022-05-11,Full
19755,213.0,897.0,19642.0,2023-06-30,Full
17880,17.06,855.5,14946.0,2022-12-07,Full
17126,33.2,5170.0,17263.0,2023-03-06,Full
9103,102.0,937.0,14585.0,2022-11-04,Full
16339,78.0,760.5,10648.0,2022-05-10,Partial
16339,62.7,797.75,10849.0,2022-05-23,Partial
16339,50.6,839.05,10930.0,2022-06-02,Partial
16339,37.6,527.39,11175.0,2022-06-18,Partial
16339,50.0,1.65,11176.0,2022-06-18,Partial
16339,34.5,2797.05,11596.0,2022-06-24,Full
16054,22.8,1968.0,15478.0,2022-12-27,Full
17638,100.0,2539.94,10483.0,2022-04-23,Failed
15305,203.0,194.0,19645.0,2023-06-30,Full
15499,89.87,501.19,16543.0,2023-02-26,Partial
15499,135.0,9.69,16544.0,2023-02-26,Partial
15499,67.18,563.7,16682.0,2023-03-12,Partial
15499,98.0,23.92,16683.0,2023-03-12,Partial
15499,51.93,529.28,17071.0,2023-03-30,Partial
15499,88.0,6.88,17072.0,2023-03-30,Partial
15499,41.0,328.5,17424.0,2023-04-17,Partial
15499,41.0,741.5,17486.0,2023-04-18,Full
19312,100.8,1034.7,17013.0,2023-03-29,Partial
19312,166.0,40.45,17014.0,2023-03-29,Partial
19312,84.0,1126.4,17221.0,2023-04-08,Partial
19312,124.0,109.45,17222.0,2023-04-08,Partial
18911,73.69,2690.79,9386.0,2022-01-05,Full
19600,19.2,4762.0,17350.0,2023-04-11,Full
18190,168.0,421.36,15637.0,2023-01-07,Partial
18190,131.0,541.16,15803.0,2023-01-15,Partial
18190,131.0,15.0,15845.0,2023-01-15,Partial
18190,131.0,477.72,15849.0,2023-01-15,Partial
18190,180.0,10.0,15948.0,2023-01-15,Partial
18190,185.0,38.44,15949.0,2023-01-15,Partial
18190,87.6,1296.52,16279.0,2023-02-09,Full
18190,87.6,15.72,16280.0,2023-02-09,Full
18190,190.0,51.38,16297.0,2023-02-09,Full
18190,190.0,2.88,16307.0,2023-02-09,Full
18057,118.0,509.96,17945.0,2023-05-17,Partial
18057,200.0,6.01,17996.0,2023-05-17,Partial
18057,118.0,0.39,18015.0,2023-05-17,Partial
18057,118.0,0.11,18089.0,2023-05-17,Partial
18057,97.0,474.18,18203.0,2023-05-27,Partial
18057,190.0,8.03,18204.0,2023-05-27,Partial
18057,84.0,1428.45,18596.0,2023-06-13,Full
18057,110.0,370.78,18597.0,2023-06-13,Full
19366,105.0,274.7,12983.0,2022-09-05,Partial
19366,79.0,285.0,13249.0,2022-09-15,Partial
19366,61.0,320.0,13371.0,2022-09-24,Partial
19366,52.0,540.0,13455.0,2022-10-03,Full
19366,52.0,25.0,13456.0,2022-10-03,Full
17439,95.0,642.15,17947.0,2023-05-17,Partial
17439,160.0,1.25,17998.0,2023-05-17,Partial
17439,95.0,0.39,18022.0,2023-05-17,Partial
17439,95.0,0.11,18087.0,2023-05-17,Partial
17439,77.0,685.46,18207.0,2023-05-27,Partial
17439,150.0,2.59,18208.0,2023-05-27,Partial
17439,57.0,294.06,18593.0,2023-06-13,Partial
17439,140.0,0.81,18594.0,2023-06-13,Partial
17439,57.0,1.33,18595.0,2023-06-13,Partial
17439,55.0,451.56,18825.0,2023-06-21,Partial
17439,55.0,12.57,18826.0,2023-06-21,Partial
17439,51.0,2209.53,19144.0,2023-07-01,Full
17439,77.0,90.55,19145.0,2023-07-01,Full
17439,51.0,347.01,19146.0,2023-07-01,Full
20076,236.0,25.0,11617.0,2022-06-23,Full
16483,78.17,827.76,18119.0,2023-05-24,Partial
16483,50.65,2539.86,18406.0,2023-06-06,Full
12865,210.0,5.25,17984.0,2023-05-19,Partial
12865,160.0,1.35,18151.0,2023-05-25,Partial
12865,154.0,2.2,18178.0,2023-05-26,Partial
12865,146.0,2.85,18218.0,2023-05-27,Partial
12865,136.0,3.3,18260.0,2023-05-29,Partial
12865,130.0,5.2,18275.0,2023-05-30,Full
15750,99.0,623.89,17946.0,2023-05-17,Partial
15750,190.0,0.28,17997.0,2023-05-17,Partial
15750,99.0,0.39,18016.0,2023-05-17,Partial
15750,99.0,0.11,18088.0,2023-05-17,Partial
15750,86.0,522.91,18205.0,2023-05-27,Partial
15750,140.0,9.84,18206.0,2023-05-27,Partial
15750,65.0,237.75,18823.0,2023-06-21,Partial
15750,65.0,35.7,18824.0,2023-06-21,Partial
15750,54.0,1256.04,19192.0,2023-07-02,Full
15750,83.0,93.86,19193.0,2023-07-02,Full
15750,54.0,125.39,19194.0,2023-07-02,Full
22536,53.77,906.03,16164.0,2023-02-01,Full
22536,53.77,6.36,16165.0,2023-02-01,Full
18922,50.6,4972.44,15610.0,2023-01-09,Full
18922,215.0,29.76,15611.0,2023-01-09,Full
18922,50.6,32.0,15612.0,2023-01-09,Full
18922,50.6,16.0,15613.0,2023-01-09,Full
18922,50.6,160.0,15614.0,2023-01-09,Full
15484,102.0,324.79,13268.0,2022-09-19,Partial
15484,102.0,1.36,13278.0,2022-09-19,Partial
15484,82.64,289.15,13460.0,2022-09-30,Partial
15484,79.12,3.35,13471.0,2022-09-30,Partial
15484,67.4,401.27,13674.0,2022-10-11,Partial
15484,67.4,5.97,13675.0,2022-10-11,Partial
15484,56.9,3422.29,14061.0,2022-10-24,Full
15484,56.9,188.17,14062.0,2022-10-24,Full
19693,137.0,327.0,15889.0,2023-01-20,Partial
19693,200.0,87.0,16050.0,2023-01-15,Failed
19693,81.9,417.0,16211.0,2023-02-04,Partial
19693,72.5,483.08,16276.0,2023-02-11,Partial
19693,68.0,90.27,16493.0,2023-02-18,Partial
19693,80.0,25.0,16494.0,2023-02-11,Partial
19693,70.0,19.0,16495.0,2023-02-19,Partial
19693,70.0,2287.72,16496.0,2023-02-19,Full
19693,118.8,380.6,19027.0,2023-05-29,
19693,106.7,611.5,19028.0,2023-06-05,
19693,92.0,510.68,19030.0,2023-06-13,
19693,81.5,300.0,19033.0,2023-06-19,
19693,77.7,420.06,19035.0,2023-06-23,
19693,60.6,531.3,19158.0,2023-07-01,
19693,201.0,375.6,19163.0,2022-10-01,
19693,172.0,604.0,19164.0,2022-10-05,
19693,57.0,449.88,19556.0,2023-07-09,
19693,55.0,507.2,19558.0,2023-07-10,
20616,76.9,805.81,9381.0,2022-01-06,Full
18673,100.0,99.0,10381.0,2022-04-24,Partial
18673,83.0,12.0,10500.0,2022-05-02,Partial
18673,48.0,483.0,10748.0,2022-05-21,Partial
18673,48.0,161.7,10777.0,2022-05-22,Full
20739,149.0,331.0,15582.0,2022-11-23,Partial
20739,110.0,678.5,15600.0,2022-12-14,Partial
20739,82.8,360.0,15741.0,2023-01-03,Partial
20739,72.0,2900.24,16135.0,2023-01-22,Full
11081,93.0,130.0,13740.0,2022-09-20,
11081,120.0,132.0,13741.0,2022-09-20,Full
18395,79.0,600.0,15253.0,2022-11-28,Full
21892,74.0,366.0,12144.0,2022-07-26,Partial
21892,37.0,450.0,12824.0,2022-08-22,Full
21892,74.0,366.0,12825.0,2022-07-26,Partial
21599,48.0,716.0,12930.0,2022-08-13,Full
21599,70.0,140.0,12931.0,2022-08-13,Full
16163,84.0,313.89,11986.0,2022-01-21,Partial
16163,60.0,511.7,11987.0,2022-02-04,Partial
16163,46.0,466.69,11988.0,2022-02-18,Partial
16163,36.0,313.82,11989.0,2022-02-28,Partial
16163,33.0,769.75,11990.0,2022-03-11,Full
19319,200.0,200.0,13609.0,2022-10-07,Full
19319,300.0,19.0,13610.0,2022-10-07,Full
18238,113.87,402.66,17665.0,2023-05-01,Partial
18238,113.54,1245.17,17912.0,2023-05-13,Full
18238,275.0,32.74,17913.0,2023-05-13,Full
14579,60.0,150.0,12058.0,2022-07-19,Full
14579,88.0,110.0,12059.0,2022-07-19,Full
16215,66.17,811.85,14609.0,2022-11-19,Partial
16215,102.0,74.75,14610.0,2022-11-19,Partial
16215,48.57,1049.0,14871.0,2022-12-03,Partial
16215,75.0,51.85,14872.0,2022-12-03,Partial
16215,41.29,851.35,15043.0,2022-12-12,Partial
16215,75.0,64.65,15044.0,2022-12-12,Partial
17743,74.0,787.76,14131.0,2022-10-23,Partial
17743,60.0,887.7,14310.0,2022-11-02,Partial
17743,44.4,1214.52,14624.0,2022-11-20,Partial
17743,35.0,8310.42,14888.0,2022-12-04,Full
15802,69.0,270.0,12765.0,2022-08-22,Partial
15802,97.63,210.0,12932.0,2022-08-10,Partial
15802,52.0,270.0,12935.0,2022-09-02,Partial
15802,40.0,212.0,13161.0,2022-09-14,Partial
15802,39.0,1098.0,13195.0,2022-09-17,Full
20944,73.6,900.9,14306.0,2022-11-03,Partial
20944,92.3,754.0,14307.0,2022-10-23,Partial
20944,50.7,783.01,14657.0,2022-11-20,Partial
20944,45.5,6355.19,14734.0,2022-11-26,Full
17857,60.0,2.84,11625.0,2022-07-04,Full
20390,152.0,420.0,17334.0,2023-04-13,Partial
20390,111.0,200.0,17477.0,2023-04-18,Partial
20390,67.0,630.0,17616.0,2023-04-29,Partial
20390,57.0,510.0,17809.0,2023-05-08,Partial
20390,29.0,1240.0,18602.0,2023-06-14,Full
16803,43.8,6444.0,15618.0,2023-01-10,Full
16803,43.8,10.0,15619.0,2023-01-10,Full
16803,200.0,34.0,15620.0,2023-01-10,Full
16803,43.8,54.0,15621.0,2023-01-10,Full
16803,43.8,660.0,15622.0,2023-01-10,Full
18732,75.0,510.0,11140.0,2022-06-18,Partial
18732,145.0,49.0,11141.0,2022-06-18,Partial
18732,75.0,510.0,11241.0,2022-06-18,
18732,75.0,49.0,11242.0,2022-06-18,
18732,46.0,1701.02,12042.0,2022-07-17,Full
18732,59.0,138.68,12043.0,2022-07-17,Full
18325,43.0,1185.0,13557.0,2021-04-20,Full
16330,200.0,225.0,13170.0,2022-08-29,Full
15304,104.0,295.29,14337.0,2022-11-03,Partial
15304,89.0,138.0,14476.0,2022-11-08,Full
15304,90.0,82.76,14477.0,2022-11-08,Full
17738,13.0,2554.0,16068.0,2023-01-27,Full
18674,100.0,370.99,12476.0,2022-07-19,Partial
18674,81.15,374.45,12477.0,2022-08-01,Partial
18674,63.1,2046.08,12478.0,2022-08-13,Full
18828,142.0,135.0,17357.0,2023-04-14,Partial
18828,142.0,50.0,17515.0,2023-04-15,Partial
18828,125.0,59.0,17516.0,2023-04-18,Partial
18828,110.0,514.0,17517.0,2023-04-23,Full
15982,71.38,748.25,14605.0,2022-11-19,Partial
15982,107.0,49.1,14606.0,2022-11-19,Partial
15982,47.32,753.45,14864.0,2022-12-03,Partial
15982,75.0,36.65,14865.0,2022-12-03,Partial
15982,40.0,864.85,15039.0,2022-12-12,Partial
15982,61.0,75.2,15040.0,2022-12-12,Partial
12484,1000.0,60.0,14703.0,2022-11-19,Failed
18232,146.0,350.0,15606.0,2022-12-05,Partial
18232,103.5,331.0,15738.0,2022-12-27,Partial
18232,76.3,3589.2,16137.0,2023-01-24,Full
18924,74.0,400.0,12143.0,2022-07-25,Partial
18924,54.0,500.0,12463.0,2022-08-10,Partial
18924,32.0,600.0,12984.0,2022-09-05,Full
16711,79.0,526.2,11229.0,2022-06-25,Full
16711,114.0,98.45,11230.0,2022-06-25,Full
16711,114.0,3.0,11231.0,2022-06-25,Full
17730,87.0,250.0,14211.0,2022-10-31,Partial
17730,65.0,464.0,14397.0,2022-11-10,Partial
17730,45.0,580.0,14659.0,2022-11-24,Partial
17730,36.0,878.5,15094.0,2022-12-15,Full
15502,116.9,270.1,14438.0,2022-11-12,Full
15502,116.9,19.0,14439.0,2022-11-12,Full
15413,45.0,1700.0,13057.0,2021-07-25,Full
20658,150.0,359.24,15644.0,2023-01-08,Partial
20658,192.0,25.0,15691.0,2023-01-08,Partial
20658,192.0,2.31,15769.0,2023-01-08,Partial
20658,127.0,536.18,15796.0,2023-01-15,Partial
20658,127.0,492.46,15855.0,2023-01-15,Partial
20658,185.0,43.72,15943.0,2023-01-15,Partial
20658,70.7,832.18,16395.0,2023-02-17,Full
20658,118.1,75.0,16399.0,2023-02-17,Full
20658,118.1,136.0,16400.0,2023-02-17,Full
20658,118.1,2.74,16401.0,2023-02-17,Full
20658,70.7,1.0,16411.0,2023-02-17,Full
20658,70.7,1.08,16412.0,2023-02-17,Full
18919,200.0,60.0,11000.0,2022-06-09,Full
17636,106.34,323.35,13286.0,2022-09-18,Partial
17636,106.34,0.59,13298.0,2022-09-18,Partial
17636,82.22,146.06,13482.0,2022-09-29,Partial
17636,82.22,1.36,13493.0,2022-09-29,Partial
17636,67.84,327.94,13652.0,2022-10-10,Partial
17636,67.84,10.22,13653.0,2022-10-10,Partial
17636,60.4,4037.84,13955.0,2022-10-23,Full
17636,60.4,131.6,13956.0,2022-10-23,Full
16294,130.0,516.14,13818.0,2022-10-14,Partial
16294,90.0,1128.27,14240.0,2022-10-26,Full
16294,90.0,1128.27,14241.0,2022-10-26,Full
16294,90.0,483.87,14242.0,2022-10-26,Full
16294,130.0,120.38,14455.0,2022-10-14,Partial
21026,21.0,5458.4,17609.0,2023-04-26,Full
18877,28.2,4866.0,15835.0,2023-01-15,Full
18613,108.6,0.86,10433.0,2022-04-24,Partial
18613,246.6,0.37,10453.0,2022-04-10,Partial
18613,160.6,0.87,10454.0,2022-04-17,Partial
18613,94.5,562.5,10636.0,2022-05-04,Partial
18613,77.0,2608.4,10637.0,2022-05-10,Full
19310,100.0,80.0,13978.0,2022-10-20,Full
16298,103.0,698.27,14155.0,2022-08-23,Partial
16298,67.8,742.1,14156.0,2022-09-03,Partial
16298,46.5,698.7,14157.0,2022-09-13,Partial
16298,36.0,641.4,14158.0,2022-09-27,Partial
16298,31.6,2431.4,14159.0,2022-10-07,Full
17468,74.0,533.27,13874.0,2022-10-15,Partial
17468,66.0,1012.36,13940.0,2022-10-21,Full
17468,66.0,39.77,13997.0,2022-10-21,Full
17468,74.0,424.92,14102.0,2022-10-15,Partial
17468,74.0,108.35,14103.0,2022-10-15,Partial
17468,66.0,1012.36,14112.0,2022-10-21,Full
17468,102.0,81.45,14113.0,2022-10-21,Full
17468,102.0,39.77,14114.0,2022-10-21,Full
17468,74.0,424.92,14491.0,2022-10-15,Partial
17468,74.0,108.35,14492.0,2022-10-15,Partial
19367,174.0,390.4,15638.0,2023-01-07,Partial
19367,174.0,5.0,15678.0,2023-01-07,Partial
19367,131.0,550.16,15802.0,2023-01-15,Partial
19367,131.0,550.16,15841.0,2023-01-15,Partial
19367,130.0,500.0,15934.0,2023-01-20,Full
19367,130.0,211.12,15935.0,2023-01-20,Full
19367,130.0,3.5,15936.0,2023-01-20,Full
19367,130.0,1.94,15937.0,2023-01-20,Full
16142,80.0,850.0,19368.0,2023-07-05,Full
18989,69.63,482.98,9398.0,2022-01-01,Full
20667,103.0,284.15,5469.0,2021-06-11,Partial
20667,103.0,1.0,5470.0,2021-06-11,Partial
20667,71.42,602.52,5980.0,2021-06-27,Partial
20667,71.42,0.66,5981.0,2021-06-27,Partial
20667,56.22,643.83,6044.0,2021-07-09,Partial
20667,56.22,4.69,6045.0,2021-07-09,Partial
20667,43.32,2416.6,6425.0,2021-07-29,Full
20667,43.32,50.63,6426.0,2021-07-29,Full
22601,31.8,4635.0,18543.0,2023-06-09,Full
19874,102.3,614.2,16028.0,2023-01-28,Partial
19874,102.3,36.8,16029.0,2023-01-28,Partial
19874,64.0,861.3,16380.0,2023-02-16,Partial
19874,64.0,13.0,16381.0,2023-02-16,Partial
19874,51.2,1466.6,16549.0,2023-02-27,Full
19874,51.2,60.5,16550.0,2023-02-27,Full
19874,50.0,8.0,16591.0,2023-03-07,Full
12857,101.0,344.27,13296.0,2022-09-18,Partial
12857,101.0,0.79,13305.0,2022-09-18,Partial
12857,76.63,151.74,13487.0,2022-09-29,Partial
12857,76.63,1.12,13498.0,2022-09-29,Partial
12857,59.59,221.04,13648.0,2022-10-10,Partial
12857,59.59,6.67,13649.0,2022-10-10,Partial
12857,50.56,3029.79,13957.0,2022-10-23,Full
12857,50.56,83.87,13958.0,2022-10-23,Full
20664,170.0,110.67,9054.0,2021-11-27,Partial
20664,123.0,104.74,9055.0,2021-12-07,Partial
20664,125.0,186.89,9056.0,2021-12-16,Partial
20664,88.0,76.93,9057.0,2022-01-05,Full
20990,50.0,4.21,11626.0,2022-07-04,Full
18537,47.0,564.19,13947.0,2022-10-15,Full
18537,66.0,54.7,13960.0,2022-10-15,Full
18537,47.0,62.65,13961.0,2022-10-15,Full
18537,47.0,564.19,14106.0,2022-10-15,
18537,66.0,54.7,14107.0,2022-10-15,
18537,66.0,37.65,14108.0,2022-10-15,
18537,177.0,578.7,14294.0,2022-11-14,Partial
18537,47.0,564.19,14495.0,2022-10-15,Full
18537,66.0,54.7,14496.0,2022-10-15,Full
18537,47.0,37.65,14497.0,2022-10-15,Full
15065,24.4,6156.0,17256.0,2023-03-16,Full
21025,136.0,1904.5,14532.0,2022-10-22,Full
21025,180.0,444.0,14533.0,2022-10-22,Full
21025,180.0,3.0,14534.0,2022-10-22,Full
19072,111.0,814.85,12873.0,2022-08-28,Full
19372,91.0,652.71,17949.0,2023-05-17,Partial
19372,160.0,1.5,18000.0,2023-05-17,Partial
19372,91.0,0.39,18019.0,2023-05-17,Partial
19372,91.0,0.11,18085.0,2023-05-17,Partial
19372,76.0,649.47,18211.0,2023-05-27,Partial
19372,170.0,1.92,18212.0,2023-05-27,Partial
19372,63.0,1505.45,18656.0,2023-06-16,Full
19372,110.0,760.32,18657.0,2023-06-16,Full
20980,68.17,7059.74,9384.0,2022-01-05,Full
19433,89.0,571.6,10485.0,2022-04-23,Partial
19433,64.0,1110.6,10650.0,2022-05-10,Partial
19433,43.0,625.1,10932.0,2022-06-02,Partial
19433,40.75,2409.55,10933.0,2022-06-04,Failed
19433,60.0,174.06,10934.0,2022-06-04,Failed
19433,70.0,49.5,10935.0,2022-06-04,Failed
20971,59.5,623.67,14519.0,2022-11-17,Full
18760,65.0,150.0,12664.0,2022-07-31,Full
15767,95.0,143.18,11379.0,2022-07-03,
15767,92.0,321.21,11582.0,2022-07-06,
15767,92.0,51.04,11583.0,2022-07-06,Failed
18142,13.8,2071.0,17264.0,2023-04-05,Full
18653,101.7,297.0,14212.0,2022-10-31,Partial
18653,75.0,504.0,14395.0,2022-11-10,Partial
18653,75.0,20.0,14396.0,2022-11-10,Partial
18653,52.0,470.0,14658.0,2022-11-24,Partial
18653,50.0,15.0,14722.0,2022-11-26,Partial
18653,32.0,651.0,15093.0,2022-12-15,Full
18653,100.0,300.0,16007.0,2023-01-26,
18912,20.7,3526.0,15836.0,2023-01-17,Full
19518,130.0,430.0,14006.0,2022-09-30,Full
18616,106.0,163.85,13769.0,2022-10-15,Full
18616,150.0,66.95,13770.0,2022-10-15,Full
18616,130.0,5.0,13771.0,2022-10-15,Full
18616,130.0,0.2,13772.0,2022-10-15,Full
20841,33.3,4222.0,18861.0,2023-06-22,Full
16164,116.6,278.6,12098.0,2022-07-22,Full
16164,116.6,35.91,12099.0,2022-07-22,Full
16164,116.6,4.0,12100.0,2022-07-22,Full
19555,104.0,119.0,12185.0,2022-07-28,Partial
19555,69.0,113.0,12363.0,2022-08-10,Partial
19555,49.0,69.6,12817.0,2022-08-23,Partial
19555,42.0,662.0,12980.0,2022-09-03,Full
20976,188.19,190.67,11941.0,2022-07-16,Full
20976,188.19,18.69,11942.0,2022-07-16,Full
19069,105.0,51.08,15290.0,2022-12-21,Full
20600,77.93,583.05,12528.0,2022-07-20,Partial
20600,62.36,3875.07,12529.0,2022-08-03,Full
15213,45.8,3455.5,12814.0,2022-08-23,Full
15213,45.8,71.0,12815.0,2022-08-23,Full
17740,63.3,523.0,13556.0,2020-08-01,Full
19653,103.06,2002.48,8941.0,2021-12-22,Full
19653,128.0,65.4,8942.0,2021-12-22,Full
19653,103.06,2067.88,9397.0,2021-12-22,Full
19048,22.4,5511.0,16235.0,2023-02-05,Full
17125,99.35,596.66,12473.0,2022-07-19,Partial
17125,75.51,709.63,12474.0,2022-08-01,Partial
17125,64.07,3491.65,12475.0,2022-08-12,Full
14693,160.0,100.0,17184.0,2023-04-07,Partial
14693,143.0,100.0,17398.0,2023-04-16,Partial
14693,108.0,100.0,17498.0,2023-04-24,Partial
14693,108.0,50.0,17511.0,2023-04-25,Full
18740,167.6,98.66,12104.0,2022-07-23,Full
20401,71.0,292.0,9350.0,2022-01-22,Partial
20401,55.0,207.3,9507.0,2022-02-05,Partial
20401,95.0,18.0,9508.0,2022-02-05,Partial
20401,38.0,265.5,9598.0,2022-02-17,Full
20401,65.5,29.94,9599.0,2022-02-17,Full
20401,116.0,30.9,9796.0,2022-01-22,Partial
20978,21.8,5573.0,14935.0,2022-11-21,Full
17831,105.0,5.0,11226.0,2022-06-25,Full
17831,66.9,237.45,11228.0,2022-06-25,Full
18734,96.0,665.6,17944.0,2023-05-17,Partial
18734,170.0,5.05,17995.0,2023-05-17,Partial
18734,96.0,0.39,18014.0,2023-05-17,Partial
18734,96.0,0.11,18090.0,2023-05-17,Partial
18734,77.0,659.66,18201.0,2023-05-27,Partial
18734,160.0,7.21,18202.0,2023-05-27,Partial
18734,62.0,296.1,18590.0,2023-06-13,Partial
18734,140.0,2.03,18591.0,2023-06-13,Partial
18734,62.0,1.52,18592.0,2023-06-13,Partial
18734,53.0,401.69,18821.0,2023-06-21,Partial
18734,53.0,19.5,18822.0,2023-06-21,Partial
18734,52.0,1765.96,19013.0,2023-06-30,Full
18734,72.0,298.51,19014.0,2023-06-30,Full
18734,52.0,263.17,19015.0,2023-06-30,Full
18734,52.0,123.6,19096.0,2023-06-30,Full
20956,50.0,425.0,19497.0,2023-07-07,Full
17634,115.0,596.0,10745.0,2022-05-21,Partial
17634,80.0,11.5,10866.0,2022-05-30,Partial
17634,47.0,673.8,11150.0,2022-06-21,Partial
17634,29.0,726.8,12052.0,2022-07-17,Full
18744,64.61,392.52,12494.0,2022-07-19,Partial
18744,59.46,2822.48,12495.0,2022-07-30,Full
17225,91.91,158.26,12078.0,2022-07-23,Full
17225,91.91,3.0,12079.0,2022-07-23,Full
14972,70.92,55.32,12245.0,2022-07-29,Partial
14972,54.17,419.72,12451.0,2022-08-12,Full
14972,54.17,13.7,12452.0,2022-08-12,Full
14972,54.17,4.0,12453.0,2022-08-12,Full
22445,79.53,615.88,16075.0,2023-01-30,Partial
22445,140.0,51.04,16076.0,2023-01-30,Partial
22445,71.07,1413.94,16344.0,2023-02-12,Full
22445,130.0,263.8,16345.0,2023-02-12,Full
22445,96.0,80.39,16347.0,2023-02-12,Full
20662,152.7,343.5,15608.0,2022-12-14,Partial
20662,109.7,370.4,15743.0,2023-01-03,Partial
20662,83.5,2912.56,16136.0,2023-01-23,Full
20662,60.0,100.0,16511.0,2023-02-24,
16272,117.94,398.87,15896.0,2023-01-23,Partial
16272,117.94,34.75,15897.0,2023-01-23,Partial
16272,109.18,2227.02,16217.0,2023-02-03,Full
16272,109.18,223.26,16218.0,2023-02-03,Full
9096,88.0,475.25,16356.0,2023-02-14,Partial
9096,120.0,44.5,16359.0,2023-02-14,Partial
9096,43.0,792.8,16768.0,2023-03-15,Full
9096,43.0,8.0,16769.0,2023-03-15,Full
9096,62.0,75.56,16770.0,2023-03-15,Full
9096,62.0,14.3,16771.0,2023-03-15,Full
9096,43.0,16.0,16789.0,2023-03-15,Full
9096,50.0,1.96,16799.0,2023-03-11,Partial
21350,28.3,6225.0,15454.0,2022-12-28,Full
16154,35.4,5170.0,16515.0,2023-02-21,Full
10711,64.0,252.0,7220.0,2021-10-04,Full
19298,94.08,230.34,12243.0,2022-07-29,Partial
19298,94.08,6.91,12244.0,2022-07-29,Partial
19298,58.25,1052.73,12447.0,2022-08-12,Full
19298,58.25,22.91,12448.0,2022-08-12,Full
19298,58.25,4.95,12449.0,2022-08-12,Full
19298,58.25,25.73,12450.0,2022-08-12,Full
14289,115.0,1.0,5471.0,2021-06-11,Partial
14289,115.0,297.17,5472.0,2021-06-11,Partial
14289,74.26,517.84,5982.0,2021-06-27,Partial
14289,74.26,0.66,5983.0,2021-06-27,Partial
14289,60.19,596.13,6046.0,2021-07-09,Partial
14289,60.19,4.69,6047.0,2021-07-09,Partial
14289,46.746,2448.7,6427.0,2021-07-30,Full
14289,46.746,95.15,6428.0,2021-07-30,Full
18326,80.26,335.58,12491.0,2022-07-19,Partial
18326,66.83,396.08,12492.0,2022-08-01,Partial
18326,55.96,2061.86,12493.0,2022-08-13,Full
20438,87.0,270.53,15019.0,2022-12-10,Partial
20438,71.0,270.71,15323.0,2022-12-20,Partial
20438,71.0,9.34,15324.0,2022-12-20,Partial
20438,87.0,270.53,15998.0,2022-12-11,Partial
20438,87.0,7.0,15999.0,2022-12-11,Partial
20438,33.0,2528.42,16084.0,2023-01-30,Full
20438,51.0,81.24,16085.0,2023-01-30,Full
20438,33.0,63.57,16086.0,2023-01-30,Full
20438,33.0,15.0,16087.0,2023-01-30,Full
17747,113.0,1500.0,12598.0,2022-06-18,Failed
15221,155.0,150.0,12179.0,2022-07-29,Partial
15221,150.0,600.0,12428.0,2022-08-07,Full
18831,96.2,564.0,18453.0,2023-06-07,Full
19064,150.0,300.0,17591.0,2023-04-25,Full
15505,21.2,3454.0,15049.0,2022-12-10,Full
18833,87.0,735.01,17948.0,2023-05-17,Partial
18833,160.0,0.08,17999.0,2023-05-17,Partial
18833,87.0,0.39,18018.0,2023-05-17,Partial
18833,87.0,0.11,18086.0,2023-05-17,Partial
18833,70.0,690.54,18209.0,2023-05-27,Partial
18833,150.0,1.05,18210.0,2023-05-27,Partial
18833,54.0,373.03,18827.0,2023-06-21,Partial
18833,54.0,11.48,18828.0,2023-06-21,Partial
18833,46.0,1702.91,19189.0,2023-07-02,Full
18833,75.0,57.96,19190.0,2023-07-02,Full
18833,46.0,223.13,19191.0,2023-07-02,Full
18614,82.0,1800.0,19578.0,2023-06-28,Full
18029,125.0,1.0,5467.0,2021-06-11,Partial
18029,125.0,287.7,5468.0,2021-06-11,Partial
18029,84.98,558.2,5978.0,2021-06-27,Partial
18029,84.98,0.66,5979.0,2021-06-27,Partial
18029,66.08,659.18,6042.0,2021-07-09,Partial
18029,66.08,4.69,6043.0,2021-07-09,Partial
18029,48.021,2584.4,6423.0,2021-07-30,Full
18029,48.021,19.35,6424.0,2021-07-30,Full
16165,172.0,731.0,17829.0,2023-05-08,Full
19682,121.55,1300.21,17668.0,2023-05-01,Full
19692,67.8,355.4,16602.0,2023-03-07,Partial
19692,54.0,423.5,16894.0,2023-03-21,Partial
19692,46.5,435.34,17203.0,2023-04-04,Partial
19692,43.5,2167.9,17818.0,2023-04-12,Full
15217,175.0,310.0,15256.0,2022-11-26,Full
17746,139.2,524.86,15572.0,2023-01-03,Partial
17746,139.2,1.99,15573.0,2023-01-03,Partial
17746,98.69,787.87,15932.0,2023-01-22,Partial
17746,98.69,14.01,15933.0,2023-01-22,Partial
17746,84.1,1949.4,16181.0,2023-02-02,Full
17746,84.1,66.5,16182.0,2023-02-02,Full
20663,133.0,245.6,10382.0,2022-04-24,Partial
20663,133.0,1329.2,10383.0,2022-04-24,Full
16051,89.0,300.0,14789.0,2022-11-26,Full
16051,89.0,300.0,14973.0,2022-11-26,Full
9090,19.9,5639.0,14938.0,2022-11-24,Full
19683,168.0,320.0,10734.0,2022-05-17,Full
20953,96.16,1368.69,9227.0,2022-01-19,Partial
20953,56.05,3216.56,9421.0,2022-02-04,Full
20953,56.05,46.0,9422.0,2022-02-04,Full
20953,56.05,107.22,9423.0,2022-02-04,Full
13791,110.0,526.37,15173.0,2022-11-25,Partial
13791,77.0,937.89,15174.0,2022-12-09,Full
19252,130.0,407.22,15662.0,2023-01-09,Partial
19252,190.0,18.08,15760.0,2023-01-09,Partial
19252,94.0,630.02,15822.0,2023-01-17,Partial
19252,94.0,554.6,15871.0,2023-01-17,Partial
19252,63.0,294.06,16183.0,2023-02-03,Partial
19252,63.0,14.78,16184.0,2023-02-03,Partial
19252,175.0,1.42,16201.0,2023-02-03,Partial
19252,175.0,1.78,16205.0,2023-02-03,Partial
19252,190.0,75.42,16332.0,2023-01-17,Partial
19252,54.7,1621.4,16429.0,2023-02-19,Full
19252,54.0,3.0,16434.0,2023-02-19,Full
19252,54.0,3.0,16435.0,2023-02-19,Full
19252,113.0,33.81,16436.0,2023-02-19,Full
19252,113.0,1.25,16438.0,2023-02-19,Full
19252,54.7,25.58,16454.0,2023-02-19,Full
19252,113.0,2.1,16458.0,2023-02-19,Full
19252,54.7,10.0,16462.0,2023-02-19,Full
19252,54.7,7.0,16463.0,2023-02-19,Full
19252,54.7,1.2,16464.0,2023-02-19,Full
21662,38.0,3940.0,18296.0,2023-05-30,Partial
21662,33.0,3300.0,19159.0,2023-06-24,Full
20526,80.0,275.18,13523.0,2022-10-03,Partial
20526,80.0,94.69,13524.0,2022-10-03,Partial
20526,61.0,378.58,13939.0,2022-10-15,Full
20526,84.0,27.74,13995.0,2022-10-15,Full
20526,61.0,53.81,13996.0,2022-10-15,Full
20526,80.0,94.69,14098.0,2022-10-03,Partial
20526,61.0,378.54,14099.0,2022-10-15,
20526,84.0,27.74,14100.0,2022-10-15,
20526,84.0,53.81,14101.0,2022-10-15,Full
20526,61.0,378.54,14488.0,2022-10-15,Full
20526,84.0,27.74,14489.0,2022-10-15,Full
17563,109.05,1634.93,12117.0,2022-07-24,Full
17563,109.05,5.56,12118.0,2022-07-24,Full
9094,270.0,115.0,11591.0,2022-06-21,Full
14824,100.0,0.59,11624.0,2022-07-04,Full
18224,134.18,1145.39,17669.0,2023-05-01,Full
9105,105.0,2127.34,14145.0,2022-08-23,Partial
9105,69.2,1864.6,14146.0,2022-09-03,Partial
9105,50.0,2173.1,14147.0,2022-09-13,Partial
9105,41.0,1778.8,14148.0,2022-09-27,Partial
9105,34.0,9513.6,14149.0,2022-10-10,Full
12862,88.0,397.25,15015.0,2022-12-10,Partial
12862,88.0,6.24,15016.0,2022-12-10,Partial
12862,69.0,2511.48,15333.0,2022-12-23,Full
12862,69.0,170.67,15334.0,2022-12-23,Full
12862,74.0,1014.81,15474.0,2022-12-19,Partial
12862,74.0,9.79,15475.0,2022-12-19,Partial
12862,69.0,9.35,15476.0,2022-12-23,Full
15868,160.7,252.5,15583.0,2022-11-23,Partial
15868,111.8,514.0,15601.0,2022-12-14,Partial
15868,87.0,301.9,15742.0,2023-01-03,Partial
15868,79.7,2046.3,16133.0,2023-01-20,Full
21413,110.0,450.0,13027.0,2022-09-07,Partial
21413,75.0,380.0,13331.0,2022-09-21,Partial
21413,62.0,238.71,13411.0,2022-09-29,Full
21413,92.0,170.95,13412.0,2022-09-29,Full
17112,64.22,951.55,14607.0,2022-11-19,Partial
17112,101.0,54.55,14608.0,2022-11-19,Partial
17112,50.17,978.1,14873.0,2022-12-03,Partial
17112,82.0,69.0,14874.0,2022-12-03,Partial
17112,42.47,871.6,15041.0,2022-12-12,Partial
17112,72.0,54.4,15042.0,2022-12-12,Partial
18675,72.35,10356.59,9383.0,2022-01-08,Full
18028,57.0,300.0,13121.0,2022-09-02,Partial
18028,41.0,511.23,13660.0,2022-09-19,Full
16398,81.0,877.48,14121.0,2022-10-22,Partial
16398,62.2,869.55,14300.0,2022-11-03,Partial
16398,44.1,1117.15,14625.0,2022-11-20,Partial
16398,38.0,6513.34,14856.0,2022-12-03,Full
18609,117.74,375.69,12154.0,2022-07-24,Full
18609,117.74,26.08,12155.0,2022-07-24,Full
16335,132.55,1236.25,12077.0,2022-07-23,Full
19670,18.9,4946.0,16317.0,2023-02-09,Full
19044,159.9,319.4,15579.0,2022-11-15,Partial
19044,122.0,644.0,15596.0,2022-11-29,Partial
19044,96.4,1108.0,15597.0,2022-12-19,Partial
19044,78.0,360.0,15747.0,2023-01-10,Partial
19044,70.0,2778.97,16130.0,2023-01-17,Full
17274,28.1,5138.0,17258.0,2023-03-15,Full
12856,105.94,138.79,13293.0,2022-09-18,Partial
12856,75.88,1299.47,13480.0,2022-09-29,Full
12856,75.88,58.28,13481.0,2022-09-29,Full
18751,100.0,2000.0,12670.0,2022-04-11,Failed
12505,95.87,571.27,12566.0,2022-07-20,Partial
12505,75.15,386.06,12567.0,2022-08-02,Partial
12505,73.49,3748.04,12568.0,2022-08-03,Full
19684,91.0,692.18,17940.0,2023-05-17,Partial
19684,170.0,4.57,17991.0,2023-05-17,Partial
19684,91.0,0.39,18008.0,2023-05-17,Partial
19684,91.0,0.11,18094.0,2023-05-17,Partial
19684,74.0,659.31,18193.0,2023-05-27,Partial
19684,160.0,0.96,18194.0,2023-05-27,Partial
19684,54.0,519.35,18581.0,2023-06-13,Partial
19684,140.0,0.91,18582.0,2023-06-13,Partial
19684,54.0,4.08,18583.0,2023-06-13,Partial
19684,49.0,445.48,18813.0,2023-06-21,Partial
19684,49.0,8.81,18814.0,2023-06-21,Partial
19684,46.0,2039.88,19141.0,2023-07-01,Full
19684,71.0,132.71,19142.0,2023-07-01,Full
19684,46.0,226.11,19143.0,2023-07-01,Full
18367,111.77,338.66,12559.0,2022-07-20,Partial
18367,90.38,198.15,12560.0,2022-08-02,Partial
18367,82.96,1743.2,12561.0,2022-08-03,Full
20409,153.0,378.82,15666.0,2023-01-09,Partial
20409,190.0,26.0,15753.0,2023-01-09,Partial
20409,190.0,10.2,15761.0,2023-01-09,Partial
20409,130.0,557.46,15812.0,2023-01-16,Partial
20409,130.0,492.54,15862.0,2023-01-16,Partial
20409,130.0,15.0,15866.0,2023-01-16,Partial
20409,180.0,47.7,15952.0,2023-01-16,Partial
20409,180.0,0.52,15983.0,2023-01-16,Partial
20409,180.0,1.7,15986.0,2023-01-17,Partial
20409,113.0,1370.42,16092.0,2023-01-24,Full
20409,113.0,2.7,16093.0,2023-01-24,Full
20409,245.0,27.94,16097.0,2023-01-24,Full
20409,113.6,2.86,16116.0,2023-01-24,Full
14097,180.0,147.28,12297.0,2022-08-05,Full
14097,90.0,1044.41,12298.0,2022-08-05,Full
16050,123.0,300.0,12051.0,2022-06-26,Full
19688,26.0,3475.0,15455.0,2022-12-26,Full
18025,135.0,354.5,16069.0,2023-01-30,Partial
18025,125.92,590.77,16349.0,2023-02-12,Full
19247,116.37,311.65,5909.0,2021-06-18,Partial
19247,116.37,0.5,5910.0,2021-06-18,Partial
19247,83.69,369.26,6008.0,2021-06-30,Partial
19247,83.69,2.66,6009.0,2021-06-30,Partial
19247,70.74,397.59,6010.0,2021-07-08,Partial
19247,70.74,4.8,6011.0,2021-07-08,Partial
19247,51.982,2586.8,6443.0,2021-07-28,Full
19247,51.982,90.8,6444.0,2021-07-28,Full
12853,36.99,729.63,12158.0,2022-07-25,Full
12853,36.99,4.01,12159.0,2022-07-25,Full
18753,145.1,1235.23,12082.0,2022-07-22,Full
18753,145.1,2.21,12083.0,2022-07-22,Full
20190,69.0,300.0,14972.0,2022-12-02,Full
21347,90.8,477.54,18243.0,2023-05-03,Partial
21347,81.1,508.84,18244.0,2023-05-16,Partial
21347,75.28,477.68,18337.0,2023-05-30,Partial
21347,75.28,1183.6,18526.0,2023-06-03,Full
16880,111.76,338.11,13267.0,2022-09-19,Partial
16880,11.76,1.28,13277.0,2022-09-19,Partial
16880,91.23,292.14,13459.0,2022-09-30,Partial
16880,91.23,4.62,13470.0,2022-09-30,Partial
16880,79.62,592.2,13672.0,2022-10-11,Partial
16880,79.62,15.42,13673.0,2022-10-11,Partial
16880,69.58,4688.31,14059.0,2022-10-25,Full
16880,69.58,219.88,14060.0,2022-10-25,Full
18834,97.91,235.25,11154.0,2022-06-18,Partial
18834,97.91,10.36,11161.0,2022-06-18,Partial
18834,65.88,329.39,11358.0,2022-06-30,Partial
18834,65.88,8.73,11359.0,2022-06-30,Partial
18834,38.5,996.21,12165.0,2022-07-26,Full
18834,38.5,13.44,12166.0,2022-07-26,Full
18834,38.5,2.0,12193.0,2022-07-26,Full
14438,250.0,170.0,17542.0,2023-04-21,Full
12357,106.5,298.33,13292.0,2022-09-18,Partial
12357,106.5,1.95,13302.0,2022-09-18,Partial
12357,83.0,160.28,13484.0,2022-09-29,Partial
12357,83.0,2.78,13495.0,2022-09-29,Partial
12357,68.1,246.13,13658.0,2022-10-10,Partial
12357,68.1,8.0,13659.0,2022-10-10,Partial
12357,57.2,3133.36,13926.0,2022-10-21,Full
12357,57.2,148.62,13927.0,2022-10-21,Full
19049,81.42,667.59,13133.0,2022-09-14,Partial
19049,81.42,4.92,13134.0,2022-09-14,Partial
19049,50.7,2662.3,13713.0,2022-10-12,Full
19049,68.3,28.3,13714.0,2022-10-12,Full
19049,50.7,21.7,13715.0,2022-10-12,Full
19049,68.3,7.8,13728.0,2022-10-12,Full
19049,68.3,7.0,13841.0,2022-10-17,finishing (pengesatan)
16465,110.0,422.11,11902.0,2022-07-16,Partial
16465,188.0,233.52,12295.0,2022-08-05,Full
16465,90.0,891.17,12296.0,2022-08-05,Full
16465,188.0,44.92,12300.0,2022-07-16,Partial
7616,54.0,500.0,13545.0,2022-09-15,Full
7616,70.0,200.0,13546.0,2022-09-02,Partial
20669,121.0,300.89,5433.0,2021-06-11,Partial
20669,121.0,1.0,5459.0,2021-06-11,Partial
20669,80.0,506.04,5966.0,2021-06-27,Partial
20669,80.0,0.66,5967.0,2021-06-27,Partial
20669,63.38,573.53,6034.0,2021-07-09,Partial
20669,63.38,4.69,6035.0,2021-07-09,Partial
20669,52.964,2688.4,6415.0,2021-07-30,Full
20669,52.964,44.33,6416.0,2021-07-30,Full
15402,109.0,536.61,10157.0,2022-02-21,Partial
15402,78.0,488.45,10158.0,2022-03-07,Partial
15402,59.0,655.11,10159.0,2022-03-21,Partial
15402,47.0,681.55,10160.0,2022-03-28,Full
16159,76.0,1300.0,13163.0,2022-08-17,Partial
16159,47.0,700.0,13164.0,2022-09-06,Full
20614,65.2,437.3,16609.0,2023-03-09,Partial
20614,47.0,514.05,16900.0,2023-03-21,Partial
20614,37.0,384.2,17199.0,2023-04-08,Partial
20614,33.8,2506.1,17824.0,2023-04-11,Full
20024,73.45,873.84,16537.0,2023-02-26,Partial
20024,130.0,7.84,16538.0,2023-02-26,Partial
20024,57.2,855.46,16676.0,2023-03-12,Partial
20024,104.0,5.01,16677.0,2023-03-12,Partial
20024,42.87,472.43,17065.0,2023-03-30,Partial
20024,82.0,2.25,17066.0,2023-03-30,Partial
20024,29.0,147.0,17423.0,2023-04-17,Partial
20024,29.0,799.0,17485.0,2023-04-18,Full
10704,96.0,277.0,14234.0,2022-06-25,Full
10704,96.0,277.0,15544.0,2022-06-25,Full
17404,10.7,90.7,16018.0,2023-01-20,Full
19306,81.0,672.74,17943.0,2023-05-17,Partial
19306,81.0,65.0,17982.0,2023-05-17,Partial
19306,180.0,1.38,17994.0,2023-05-17,Partial
19306,81.0,0.39,18013.0,2023-05-17,Partial
19306,81.0,0.11,18091.0,2023-05-17,Partial
19306,62.0,763.48,18199.0,2023-05-27,Partial
19306,150.0,2.38,18200.0,2023-05-27,Partial
19306,51.0,224.86,18819.0,2023-06-21,Partial
19306,51.0,12.14,18820.0,2023-06-21,Partial
19306,46.0,1341.34,19195.0,2023-07-02,Full
19306,69.0,50.15,19196.0,2023-07-02,Full
19306,46.0,195.5,19197.0,2023-07-02,Full
17403,137.0,250.0,17290.0,2023-04-12,Partial
17403,104.0,223.0,17425.0,2023-04-17,Partial
17403,66.0,215.0,17615.0,2023-04-29,Partial
17403,29.0,809.0,18598.0,2023-06-13,Full
18536,92.6,417.23,13619.0,2022-10-09,Full
18536,92.6,10.22,13621.0,2022-10-09,Full
19519,68.0,2414.0,15124.0,2022-12-16,Full
19519,75.0,30.0,15125.0,2022-12-16,Full
18056,169.0,324.0,15574.0,2022-11-15,Partial
18056,120.0,624.0,15585.0,2022-11-29,Partial
18056,94.2,964.0,15586.0,2022-12-19,Partial
18056,88.0,2514.8,15748.0,2023-01-08,Full
20184,77.14,363.55,12496.0,2022-07-19,Partial
20184,62.61,391.61,12497.0,2022-08-01,Partial
20184,53.94,1980.34,12498.0,2022-08-13,Full
18535,30.9,5341.0,18158.0,2023-05-24,Full
17475,77.5,855.3,19430.0,2023-06-08,Full
18231,200.0,100.0,13231.0,2022-09-18,Full
22268,50.0,4500.0,13021.0,2022-08-15,Full
22184,20.5,5306.0,15964.0,2023-01-22,Full
16156,91.0,383.07,15013.0,2022-12-10,Partial
16156,91.0,8.96,15014.0,2022-12-10,Partial
16156,71.0,885.9,15316.0,2022-12-20,Partial
16156,71.0,38.41,15317.0,2022-12-20,Partial
16156,71.0,2511.94,15331.0,2022-12-22,Full
16156,71.0,177.12,15332.0,2022-12-22,Full
16156,71.0,6.0,16000.0,2022-12-20,Partial
18671,24.8,5798.8,17774.0,2023-05-04,Full
21273,96.15,731.33,15924.0,2023-01-21,Partial
21273,96.15,34.34,15925.0,2023-01-21,Partial
21273,72.95,1441.33,16171.0,2023-02-02,Full
21273,72.95,29.53,16172.0,2023-02-02,Full
16341,107.0,510.0,8961.0,2021-12-22,Partial
16341,64.0,528.0,9157.0,2022-01-08,Partial
16341,31.0,431.0,9546.0,2022-02-15,Full
16341,61.0,5.0,9547.0,2022-02-15,Full
16341,30.0,23.0,9548.0,2022-02-15,Full
16341,61.0,5.0,9549.0,2022-02-15,Full
16393,130.71,158.88,12116.0,2022-07-24,Full
17753,126.8,2750.0,10488.0,2022-04-25,Failed
16360,93.0,200.0,13742.0,2022-09-20,Full
16360,120.0,250.0,13743.0,2022-09-20,Full
18559,220.0,450.0,13624.0,2022-09-25,Full
15316,83.0,3000.0,13687.0,2022-08-27,Failed
19529,120.0,450.0,11492.0,2022-07-04,Partial
19529,88.0,250.0,11952.0,2022-07-17,Partial
19529,75.0,310.0,12142.0,2022-07-25,Full
18253,187.0,250.0,15640.0,2023-01-07,Partial
18253,180.0,108.5,15641.0,2023-01-07,Partial
18253,187.0,86.46,15680.0,2023-01-07,Partial
18253,121.0,500.0,15890.0,2023-01-18,Full
18253,121.0,440.86,15891.0,2023-01-18,Full
18253,121.0,430.46,15892.0,2023-01-18,Full
18253,121.0,97.48,15893.0,2023-01-18,Full
16091,90.0,159.7,13507.0,2022-10-03,Full
16091,90.0,23.5,13511.0,2022-10-03,Full
16091,90.0,4.5,13532.0,2022-10-03,Full
15756,161.0,1.24,16827.0,2023-02-27,Partial
15756,120.0,1.66,16830.0,2023-03-06,Partial
15756,130.0,1.38,16831.0,2023-03-06,Partial
15756,95.0,2.29,16832.0,2023-03-13,Partial
15756,65.0,2.41,17085.0,2023-03-27,Partial
15756,79.0,2.47,17087.0,2023-03-20,Partial
15756,57.0,2.59,17294.0,2023-04-03,Partial
15756,52.0,2.71,17297.0,2023-04-09,Partial
15756,51.0,865.6,17300.0,2023-04-11,Full
15756,90.0,30.5,17303.0,2023-04-11,Full
15756,60.0,16.0,17306.0,2023-04-11,Full
15773,80.0,95.8,12089.0,2022-07-22,Full
17626,138.0,262.85,14344.0,2022-11-05,Full
19370,40.0,10300.0,13024.0,2022-08-25,Full
17438,68.15,449.26,6356.0,2021-08-04,Partial
17438,51.8,1086.95,6555.0,2021-08-17,Full
14587,120.0,250.0,13078.0,2022-07-26,Full
18237,20.6,5610.0,17779.0,2023-05-05,Full
22813,159.4,324.5,15576.0,2022-11-15,Partial
22813,113.0,674.0,15589.0,2022-11-29,Partial
22813,80.7,1147.0,15590.0,2022-12-19,Partial
22813,68.3,3147.7,16128.0,2023-01-13,Full
19124,143.0,661.2,14543.0,2022-10-28,Full
19124,180.0,330.0,14544.0,2022-10-28,Full
19124,180.0,39.6,14545.0,2022-10-28,Full
19124,180.0,22.15,14546.0,2022-10-29,Full
19124,141.0,974.1,14563.0,2022-10-23,Full
19124,170.0,2.0,14564.0,2022-10-23,Full
19124,170.0,20.0,14565.0,2022-10-23,Full
16573,112.0,667.8,14160.0,2022-08-23,Partial
16573,80.9,1259.4,14161.0,2022-09-03,Partial
16573,58.0,1339.0,14162.0,2022-09-13,Partial
16573,42.1,1196.2,14163.0,2022-09-27,Partial
16573,33.9,4193.6,14164.0,2022-10-07,Full
18149,121.0,277.0,10858.0,2022-05-29,Partial
18149,86.0,209.0,10986.0,2022-06-10,Partial
18149,67.0,200.0,11185.0,2022-06-23,Partial
18149,54.25,124.9,11372.0,2022-07-03,Partial
18149,43.0,770.0,11953.0,2022-07-18,Full
19065,53.01,1234.0,9400.0,2022-01-10,Full
23529,146.0,395.0,15668.0,2023-01-09,Partial
23529,190.0,30.0,15752.0,2023-01-09,Partial
23529,190.0,12.0,15759.0,2023-01-09,Partial
23529,126.0,570.7,15819.0,2023-01-17,Partial
23529,126.0,512.74,15876.0,2023-01-17,Partial
23529,126.0,25.0,15879.0,2023-01-17,Partial
23529,126.0,15.0,15880.0,2023-01-17,Partial
23529,180.0,2.54,15988.0,2023-01-17,Partial
23529,180.0,15.0,15991.0,2023-01-17,Partial
23529,180.0,0.42,15992.0,2023-01-17,Partial
23529,76.0,998.72,16432.0,2023-02-19,Full
23529,126.0,114.84,16441.0,2023-02-19,Full
23529,126.0,14.0,16442.0,2023-02-19,Full
23529,76.0,1.92,16457.0,2023-02-19,Full
23529,126.0,0.94,16461.0,2023-02-19,Full
23529,126.0,1.18,16466.0,2023-02-19,Full
23529,126.0,1.0,16467.0,2023-02-19,Full
23529,126.0,1.02,16468.0,2023-02-19,Full
23529,126.0,1.02,16469.0,2023-02-19,Full
23529,126.0,1.08,16470.0,2023-02-19,Full
23529,126.0,1.34,16471.0,2023-02-19,Full
23529,126.0,5.0,16472.0,2023-02-19,Full
23529,180.0,1.24,16474.0,2023-02-19,Full
23529,180.0,1.0,16475.0,2023-02-19,Full
23529,180.0,0.84,16476.0,2023-02-19,Full
23529,180.0,8.0,16477.0,2023-02-19,Full
23529,180.0,1.0,16478.0,2023-02-19,Full
23529,180.0,1.0,16479.0,2023-02-19,Full
23529,180.0,1.0,16480.0,2023-02-19,Full
23529,180.0,1.0,16481.0,2023-02-19,Full
23529,180.0,1.0,16482.0,2023-02-19,Full
15301,82.91,614.32,16539.0,2023-02-26,Partial
15301,150.0,12.1,16540.0,2023-02-26,Partial
15301,62.39,685.2,16678.0,2023-03-12,Partial
15301,100.0,33.19,16679.0,2023-03-12,Partial
15301,49.86,511.21,17067.0,2023-03-30,Partial
15301,100.0,9.26,17068.0,2023-03-30,Partial
15301,39.82,890.24,17420.0,2023-04-14,Full
15301,70.0,8.24,17421.0,2023-04-14,Full
15804,275.6,695.86,14840.0,2022-12-01,Full
15804,275.6,120.64,14841.0,2022-12-01,Full
15804,275.6,51.87,14842.0,2022-12-01,Full
16250,44.0,1500.0,13558.0,2021-06-12,Full
15487,28.4,5709.0,14937.0,2022-11-22,Full
15106,246.0,39.89,10306.0,2022-04-19,Full
20666,140.0,184.0,14413.0,2022-11-10,Full
12705,160.0,60.0,16536.0,2023-02-28,Partial
12705,110.0,220.0,16625.0,2023-03-10,Partial
12705,110.0,180.0,16671.0,2023-03-12,Full
17717,100.0,149.52,9106.0,2021-11-13,Partial
17717,89.0,102.71,9108.0,2021-11-30,Partial
17717,67.0,127.35,9109.0,2021-12-20,Full
18925,150.0,351.0,15580.0,2022-11-23,Partial
18925,101.4,645.5,15598.0,2022-12-14,Partial
18925,77.5,2295.1,15749.0,2023-01-06,Full
19316,16.7,4457.0,16371.0,2023-02-14,Full
14220,500.0,20.0,17186.0,2023-04-07,Full
17726,83.61,567.42,15283.0,2022-12-19,Partial
17726,83.61,19.43,15284.0,2022-12-19,Partial
17726,63.58,758.55,15507.0,2023-01-03,Partial
17726,63.58,22.68,15527.0,2023-01-03,Partial
17726,60.36,761.14,15777.0,2023-01-12,Full
17726,60.36,49.43,15778.0,2023-01-12,Full
18427,153.0,440.66,15658.0,2023-01-08,Partial
18427,153.0,20.0,15660.0,2023-01-08,Partial
18427,192.0,33.0,15690.0,2023-01-08,Partial
18427,192.0,3.2,15771.0,2023-01-08,Partial
18427,119.0,597.22,15818.0,2023-01-17,Partial
18427,119.0,575.42,15875.0,2023-01-17,Partial
18427,180.0,11.0,15995.0,2023-01-17,Partial
18427,225.0,9.02,16006.0,2023-01-17,Partial
18427,98.0,1018.82,16103.0,2023-01-25,Full
18427,182.5,52.34,16110.0,2023-01-25,Full
18427,182.5,3.0,16327.0,2023-01-25,Full
18427,225.0,1.78,16335.0,2023-01-17,Partial
17742,220.0,150.0,17568.0,2023-04-23,Full
15068,98.9,898.13,14125.0,2022-10-22,Partial
15068,72.2,868.08,14303.0,2022-11-03,Partial
15068,63.9,5113.0,14414.0,2022-11-10,Full
15942,350.0,34.0,17098.0,2023-03-22,Partial
15942,344.0,80.0,17099.0,2023-03-29,Full
16136,32.5,5449.0,18138.0,2023-05-23,Full
15490,115.0,886.55,14182.0,2022-08-23,Partial
15490,82.1,1220.0,14183.0,2022-09-03,Partial
15490,55.0,980.9,14184.0,2022-09-13,Partial
15490,40.1,985.0,14185.0,2022-09-27,Partial
15490,31.2,3229.8,14186.0,2022-10-12,Full
17043,83.0,223.4,16355.0,2023-02-14,Partial
17043,115.0,21.65,16358.0,2023-02-14,Partial
17043,37.0,451.86,16764.0,2023-03-15,Full
17043,37.0,14.0,16765.0,2023-03-15,Full
17043,56.0,45.66,16766.0,2023-03-15,Full
17043,56.0,8.6,16767.0,2023-03-15,Full
17043,43.0,2.3,16798.0,2023-03-11,Partial
17187,200.0,90.0,17355.0,2023-04-12,Full
15516,57.74,208.35,15528.0,2023-01-03,Full
15516,57.74,6.05,15529.0,2023-01-03,Full
15516,57.74,7.8,15530.0,2023-01-03,Full
16575,37.4,2325.0,18860.0,2023-06-21,Full
16563,109.0,1192.85,14150.0,2022-08-23,Partial
16563,72.1,904.9,14151.0,2022-09-03,Partial
16563,55.0,911.0,14152.0,2022-09-13,Partial
16563,42.2,841.9,14153.0,2022-09-27,Partial
16563,32.3,3362.8,14154.0,2022-10-12,Full
18591,99.0,40.0,17382.0,2023-04-16,Partial
18591,65.0,40.0,17817.0,2023-04-30,Partial
18591,50.0,40.0,17858.0,2023-05-12,Partial
18591,47.0,80.0,17977.0,2023-05-16,Full
20660,153.0,424.34,15665.0,2023-01-09,Partial
20660,119.0,547.06,15824.0,2023-01-17,Partial
20660,119.0,506.24,15872.0,2023-01-17,Partial
20660,225.0,40.82,16003.0,2023-01-17,Partial
20660,106.0,1188.58,16107.0,2023-01-25,Full
20660,182.5,69.24,16113.0,2023-01-25,Full
20660,182.5,24.66,16331.0,2023-01-25,Full
16267,89.3,531.06,15279.0,2022-12-19,Partial
16267,89.3,31.15,15280.0,2022-12-19,Partial
16267,71.91,654.23,15523.0,2023-01-02,Partial
16267,71.91,30.39,15524.0,2023-01-02,Partial
16267,72.93,729.84,15775.0,2023-01-12,Full
16267,72.93,166.83,15776.0,2023-01-12,Full
17739,98.0,100.0,9121.0,2021-11-13,Partial
17739,81.0,122.2,9122.0,2021-11-30,Partial
17739,64.0,145.5,9123.0,2021-12-20,Full
22307,160.0,250.0,12213.0,2022-07-25,Full
19687,150.0,250.0,10726.0,2022-04-25,Full
19687,227.0,130.0,11863.0,2022-07-15,Partial
19687,208.0,74.0,12152.0,2022-07-27,Full
15832,88.2,276.5,16607.0,2023-03-07,Partial
15832,65.6,392.6,16899.0,2023-03-21,Partial
15832,53.4,436.0,17195.0,2023-04-04,Partial
15832,46.0,2289.75,17823.0,2023-04-11,Full
18635,250.0,39.0,14264.0,2022-10-30,Full
21595,91.0,658.17,17950.0,2023-05-17,Partial
21595,200.0,0.07,18001.0,2023-05-17,Partial
21595,91.0,0.39,18020.0,2023-05-17,Partial
21595,91.0,0.11,18083.0,2023-05-17,Partial
21595,78.0,666.84,18213.0,2023-05-27,Partial
21595,150.0,2.85,18214.0,2023-05-27,Partial
21595,58.0,212.0,18829.0,2023-06-21,Partial
21595,58.0,8.29,18830.0,2023-06-21,Partial
21595,49.0,1720.88,19264.0,2023-07-03,Full
21595,72.0,134.44,19265.0,2023-07-03,Full
21595,49.0,123.99,19266.0,2023-07-03,Full
19530,85.0,4200.0,13757.0,2022-10-10,Failed
17729,81.0,300.0,12455.0,2022-08-10,Full
20521,300.0,300.0,15661.0,2023-01-06,Failed
18359,122.0,1365.4,14504.0,2022-10-17,Full
18359,163.0,154.85,14505.0,2022-10-17,Full
15289,120.4,271.0,14436.0,2022-11-12,Full
15289,120.4,18.5,14437.0,2022-11-12,Full
17628,20.8,5499.0,15838.0,2023-01-16,Full
12868,71.37,333.22,12465.0,2022-08-01,Partial
12868,90.39,323.54,12468.0,2022-07-19,Partial
12868,63.53,1667.36,12469.0,2022-08-12,Full
21098,141.0,130.69,9132.0,2021-11-27,Partial
21098,99.0,135.76,9133.0,2021-12-08,Partial
21098,88.0,165.06,9134.0,2021-12-16,Partial
21098,62.0,132.0,9136.0,2022-01-05,Full
19369,110.0,1800.65,14506.0,2022-10-17,Full
19369,110.0,1.5,14507.0,2022-10-17,Full
19369,163.0,129.8,14508.0,2022-10-17,Full
19369,163.0,90.0,14509.0,2022-10-17,Full
19369,163.0,330.0,14510.0,2022-10-17,Full
19253,99.0,142.0,15447.0,2021-11-17,Partial
19253,77.0,78.0,15448.0,2021-12-01,Partial
19253,53.0,250.0,15449.0,2021-12-11,Full
9095,130.0,70.0,19484.0,2023-07-09,Full
15782,128.47,540.39,15540.0,2023-01-03,Partial
15782,128.47,4.44,15541.0,2023-01-03,Partial
15782,90.28,766.59,15922.0,2023-01-21,Partial
15782,90.28,23.25,15923.0,2023-01-21,Partial
15782,78.74,1557.61,16169.0,2023-02-02,Full
15782,78.74,31.89,16170.0,2023-02-02,Full
13308,69.87,5875.57,9385.0,2022-01-01,Full
19214,104.77,360.75,12113.0,2022-07-24,Full
19214,104.77,18.64,12114.0,2022-07-24,Full
19214,104.77,1.8,12115.0,2022-07-24,Full
14630,92.0,677.6,17942.0,2023-05-17,Partial
14630,190.0,1.53,17993.0,2023-05-17,Partial
14630,92.0,0.39,18012.0,2023-05-17,Partial
14630,92.0,0.11,18092.0,2023-05-17,Partial
14630,71.0,648.06,18197.0,2023-05-27,Partial
14630,150.0,3.39,18198.0,2023-05-27,Partial
14630,54.0,524.45,18587.0,2023-06-13,Partial
14630,120.0,2.01,18588.0,2023-06-13,Partial
14630,54.0,1.27,18589.0,2023-06-13,Partial
14630,49.0,488.77,18817.0,2023-06-21,Partial
14630,49.0,9.18,18818.0,2023-06-21,Partial
14630,43.0,3225.15,19260.0,2023-07-03,Full
14630,72.0,60.12,19261.0,2023-07-03,Full
14630,43.0,233.08,19262.0,2023-07-03,Full
18937,97.35,0.5,5903.0,2021-06-18,Partial
18937,97.35,400.59,5904.0,2021-06-18,Partial
18937,70.06,438.53,5996.0,2021-06-30,Partial
18937,70.06,2.66,5997.0,2021-06-30,Partial
18937,58.02,445.07,5998.0,2021-07-08,Partial
18937,58.02,4.8,5999.0,2021-07-08,Partial
18937,43.358,2287.2,6437.0,2021-07-28,Full
18937,43.358,39.0,6438.0,2021-07-28,Full
21020,30.8,376.2,18500.0,2023-06-06,Full
18923,120.0,528.4,10112.0,2022-03-27,Partial
18923,73.5,765.1,10138.0,2022-04-08,Partial
18923,48.99,1072.7,10349.0,2022-04-20,Partial
18923,50.0,3013.6,10357.0,2022-04-21,Full
18923,50.0,276.65,10358.0,2022-04-21,Full
16509,175.0,295.0,15142.0,2022-12-10,Full
18467,15.1,3280.0,15479.0,2022-12-30,Full
19872,48.0,5741.0,12901.0,2022-08-03,Full
22404,41.0,581.0,13369.0,2022-09-09,Full
16052,54.8,3317.5,16121.0,2023-02-02,Full
16052,58.4,24.0,16148.0,2023-02-02,Full
16052,54.8,59.0,16149.0,2023-02-02,Full
16708,61.0,348.0,11055.0,2022-06-14,Partial
16708,45.5,273.3,11384.0,2022-07-02,Partial
16708,69.0,59.14,11385.0,2022-07-02,Partial
16708,42.0,120.0,11616.0,2022-07-09,Full
17696,113.37,317.52,15894.0,2023-01-23,Partial
17696,113.37,25.25,15895.0,2023-01-23,Partial
17696,99.63,2780.21,16223.0,2023-02-04,Full
17696,99.63,248.51,16224.0,2023-02-04,Full
20216,86.0,214.25,10921.0,2022-06-04,Partial
20216,150.0,18.05,10922.0,2022-06-04,Partial
20216,64.0,206.0,11088.0,2022-06-17,Full
20216,106.0,61.95,11089.0,2022-06-17,Full
20992,88.33,580.58,12341.0,2022-08-05,Full
20992,88.33,38.43,12342.0,2022-08-05,Full
19681,137.0,436.34,15669.0,2023-01-09,Partial
19681,118.0,585.22,15810.0,2023-01-16,Partial
19681,118.0,525.48,15858.0,2023-01-16,Partial
19681,180.0,50.0,15973.0,2023-01-17,Partial
19681,180.0,0.44,15987.0,2023-01-17,Partial
19681,180.0,9.3,15989.0,2023-01-17,Partial
19681,100.0,1148.6,16090.0,2023-01-24,Full
19681,100.0,4.72,16091.0,2023-01-24,Full
19681,245.0,4.76,16099.0,2023-01-24,Full
19681,195.0,1.94,16101.0,2023-01-24,Full
19681,100.3,3.2,16115.0,2023-01-24,Full
19681,100.3,2.0,16119.0,2023-01-24,Full
22273,75.0,205.0,15335.0,2022-12-23,Full
19098,100.94,99.05,13276.0,2022-09-19,Partial
19098,82.29,154.96,13467.0,2022-09-30,Partial
19098,82.29,0.8,13479.0,2022-09-30,Partial
19098,59.22,2388.88,14053.0,2022-10-25,Full
19098,59.22,55.14,14054.0,2022-10-25,Full
17456,132.7,435.5,15604.0,2022-12-05,Partial
17456,101.0,482.0,15739.0,2022-12-27,Partial
17456,65.2,4370.5,16138.0,2023-01-25,Full
21182,155.32,331.52,16674.0,2023-03-12,Partial
21182,71.94,1092.32,17418.0,2023-04-14,Full
21182,120.0,12.56,17419.0,2023-04-14,Full
21182,120.0,13.86,17689.0,2023-04-14,Full
18920,112.9,86.2,13566.0,2021-01-26,Partial
18920,69.0,212.1,13567.0,2021-02-11,Partial
18920,44.4,140.5,13568.0,2021-03-02,Full
19375,120.0,450.0,10651.0,2022-05-07,Full
19375,208.0,122.5,11789.0,2022-07-12,Partial
19375,208.0,122.5,11868.0,2022-07-12,Partial
19375,170.0,220.0,12072.0,2022-07-21,Full
15288,24.2,5467.0,17262.0,2023-03-19,Full
16336,85.85,403.28,18523.0,2023-06-10,Full
17687,500.0,20.0,11181.0,2022-06-12,Full
15853,110.36,312.74,13269.0,2022-09-19,Partial
15853,110.36,1.32,13279.0,2022-09-19,Partial
15853,82.64,231.59,13461.0,2022-09-30,Partial
15853,82.64,2.47,13472.0,2022-09-30,Partial
15853,60.92,4663.95,14049.0,2022-10-26,Full
15853,60.92,153.97,14050.0,2022-10-26,Full
16155,63.0,426.3,11580.0,2022-07-06,Failed
16155,63.0,74.95,11581.0,2022-07-06,Failed
16251,107.0,141.0,12569.0,2022-07-27,Full
16251,200.0,300.0,12570.0,2022-07-27,Full
16799,213.0,219.35,15555.0,2023-01-05,Partial
16799,328.0,35.63,15556.0,2023-01-05,Partial
16799,203.0,398.0,15786.0,2023-01-15,Full
15970,20.4,4783.0,14936.0,2022-11-23,Full
20834,94.78,320.21,16541.0,2023-02-26,Partial
20834,160.0,7.06,16542.0,2023-02-26,Partial
20834,71.13,585.62,16680.0,2023-03-12,Partial
20834,110.0,27.87,16681.0,2023-03-12,Partial
20834,52.72,505.33,17069.0,2023-03-30,Partial
20834,90.0,7.28,17070.0,2023-03-30,Partial
20834,41.58,851.2,17422.0,2023-04-14,Full
15503,160.0,200.0,19565.0,2023-07-11,Full
19696,95.17,304.47,13263.0,2022-09-19,Partial
19696,95.17,3.03,13264.0,2022-09-19,Partial
19696,77.98,281.84,13457.0,2022-09-30,Partial
19696,77.98,4.15,13468.0,2022-09-30,Partial
19696,62.58,455.29,13634.0,2022-10-11,Partial
19696,62.58,2.5,13635.0,2022-10-11,Partial
19696,55.68,3232.26,13880.0,2022-10-19,Full
19696,55.68,60.27,13881.0,2022-10-19,Full
14096,124.0,121.0,13067.0,2022-09-09,Partial
14096,95.0,190.0,13250.0,2022-09-20,Partial
14096,73.0,300.0,13431.0,2022-10-01,Partial
14096,300.0,73.0,13434.0,2022-10-01,Partial
14096,59.0,334.0,13663.0,2022-10-11,Partial
14096,55.0,1098.0,13794.0,2022-10-16,Full
17941,124.28,102.22,19008.0,2023-06-27,Full
17941,124.28,51.5,19379.0,2023-06-27,Full
18134,89.0,737.6,4745.0,2021-04-12,Partial
18134,78.0,2540.3,4910.0,2021-04-20,Failed
20610,146.4,357.5,15578.0,2022-11-15,Partial
20610,83.8,1040.0,15594.0,2022-12-19,Partial
20610,113.0,677.0,15595.0,2022-11-29,Partial
20610,65.8,348.0,15746.0,2023-01-10,Partial
20610,57.7,3224.3,16132.0,2023-01-19,Full
17063,165.0,200.0,13403.0,2022-09-16,Full
16167,25.3,5383.0,14940.0,2022-12-06,Full
16611,94.5,1170.0,10292.0,2022-04-17,Partial
16611,84.0,664.6,10496.0,2022-04-29,Partial
16611,62.5,706.4,10772.0,2022-05-20,Partial
16611,55.1,3368.1,10878.0,2022-05-30,Full
19640,79.09,620.1,11554.0,2022-06-06,Full
19640,158.62,23.29,11555.0,2022-06-06,Full
20750,104.0,1099.6,19427.0,2023-06-06,Full
18789,80.0,120.0,11381.0,2022-06-28,Full
20989,32.0,5400.0,15354.0,2022-12-16,Full
19671,74.0,400.0,14708.0,2022-11-22,Full
16958,81.9,948.11,14124.0,2022-10-22,Partial
16958,62.9,949.53,14302.0,2022-11-03,Partial
16958,44.1,1187.26,14627.0,2022-11-20,Partial
16958,38.6,6090.19,14796.0,2022-11-30,Full
21967,109.0,1288.15,14515.0,2022-10-18,Full
21967,109.0,3.3,14516.0,2022-10-18,Full
21967,109.0,196.75,14517.0,2022-10-18,Full
21967,177.0,85.4,14518.0,2022-10-18,Full
16055,47.0,4100.0,12427.0,2022-07-30,Full
19078,23.5,4827.0,15963.0,2023-01-19,Full
20407,70.35,876.74,6351.0,2021-08-04,Partial
20407,51.83,1446.1,6553.0,2021-08-17,Full
10703,109.51,375.8,16071.0,2023-01-30,Partial
10703,202.0,46.99,16072.0,2023-01-30,Partial
10703,106.75,822.59,16342.0,2023-02-12,Full
10703,210.0,188.35,16343.0,2023-02-12,Full
7615,30.8,5472.0,18441.0,2023-06-06,Full
23359,117.0,432.3,13817.0,2022-10-14,Partial
23359,108.0,1121.42,14194.0,2022-10-22,Full
23359,108.0,347.77,14195.0,2022-10-22,Full
23359,117.0,146.4,14454.0,2022-10-14,Partial
23359,108.0,1121.42,14458.0,2022-10-12,Partial
23359,108.0,347.77,14459.0,2022-10-12,Partial
17405,84.38,257.93,16073.0,2023-01-30,Partial
17405,138.0,35.81,16074.0,2023-01-30,Partial
17405,75.75,953.01,16346.0,2023-02-12,Full
17405,132.0,196.56,16348.0,2023-02-12,Full
17405,110.0,11.17,16350.0,2023-02-12,Full
21598,100.0,313.27,13287.0,2022-09-18,Partial
21598,100.0,0.88,13299.0,2022-09-18,Partial
21598,79.53,135.25,13489.0,2022-09-29,Partial
21598,79.53,2.55,13500.0,2022-09-29,Partial
21598,64.05,299.01,13640.0,2022-10-10,Partial
21598,64.05,10.21,13641.0,2022-10-10,Partial
21598,60.75,3311.11,13856.0,2022-10-18,Full
21598,60.75,151.17,13857.0,2022-10-18,Full
9106,103.62,364.22,13275.0,2022-09-19,Partial
9106,103.62,1.37,13285.0,2022-09-19,Partial
9106,79.09,299.96,13466.0,2022-09-30,Partial
9106,79.09,2.64,13478.0,2022-09-30,Partial
9106,68.0,382.1,13668.0,2022-10-11,Partial
9106,68.0,5.27,13669.0,2022-10-11,Partial
9106,62.74,4060.63,13888.0,2022-10-20,Full
9106,62.74,101.02,13889.0,2022-10-20,Full
15983,150.0,210.0,19495.0,2023-07-07,Full
16802,100.0,1700.0,12718.0,2022-06-28,Failed
18360,102.0,472.0,16017.0,2023-01-28,Partial
18360,102.0,460.0,16053.0,2023-01-28,
18360,88.0,303.0,16210.0,2023-02-04,Partial
18360,75.1,524.2,16268.0,2023-02-10,Partial
18360,69.4,947.4,16372.0,2023-02-16,Partial
18360,69.4,958.6,16390.0,2023-02-17,Partial
18360,69.4,229.28,16422.0,2023-02-18,Full
18360,140.6,404.8,19026.0,2023-05-29,
18360,116.6,403.2,19029.0,2023-06-05,
18360,100.0,575.0,19031.0,2023-06-12,
18360,89.7,337.5,19032.0,2023-06-19,
18360,76.92,628.62,19034.0,2023-06-23,
18360,63.5,523.46,19157.0,2023-07-01,
18360,185.0,470.5,19162.0,2022-10-01,
18360,58.0,573.1,19555.0,2023-07-09,
18360,54.0,491.1,19557.0,2023-07-10,
18360,52.0,534.14,19631.0,2023-07-14,
18360,51.0,469.6,19632.0,2023-07-14,
18360,49.0,528.12,19654.0,2023-07-15,
18360,100.0,50.0,19655.0,2023-07-15,
17885,108.0,240.0,14660.0,2022-11-19,Partial
17885,79.0,240.0,14843.0,2022-11-26,Partial
17885,59.0,193.0,14903.0,2022-12-07,Partial
17885,41.5,1120.0,15252.0,2022-12-20,Full
18755,83.0,480.5,11223.0,2022-06-25,Full
18755,134.0,62.5,11224.0,2022-06-25,Full
18755,83.0,29.3,11227.0,2022-06-25,Full
15434,63.0,300.0,18109.0,2018-09-26,Full
18148,22.2,4817.0,16015.0,2023-01-25,Full
15307,134.64,257.3,17667.0,2023-05-01,Partial
15307,107.58,815.46,17914.0,2023-05-13,Full
15307,215.0,21.8,17916.0,2023-05-13,Full
16008,160.0,100.0,17056.0,2023-03-31,Partial
16008,110.0,215.0,17248.0,2023-04-10,Partial
16008,120.0,630.0,17342.0,2023-04-12,Full
19484,180.0,60.0,17100.0,2023-03-29,Partial
19484,160.0,340.0,17101.0,2023-04-02,Full
18604,125.0,205.0,13722.0,2022-10-10,Full
20615,22.1,6064.0,16516.0,2023-02-22,Full
19808,226.0,475.45,14343.0,2022-11-05,Full
