cycle_id,sampled_at,average_weight
18395,2022-09-28,1.39
18395,2022-10-04,1.8
18395,2022-10-09,2.2
18395,2022-10-13,2.99
18395,2022-10-19,4.2
18395,2022-11-18,8.5
21892,2022-06-25,3.7
21892,2022-06-30,4.1
21892,2022-07-05,5.7
21892,2022-07-11,7.0
21892,2022-07-20,11.0
21892,2022-08-03,16.0
21892,2022-08-14,21.5
21599,2022-06-22,4.8
21599,2022-07-01,6.8
21599,2022-07-11,11.3
21599,2022-07-22,15.0
21599,2022-07-27,15.7
21599,2022-08-06,19.2
16163,2021-12-15,2.64
16163,2021-12-22,4.31
16163,2021-12-29,6.38
16163,2022-01-05,7.63
16163,2022-01-12,9.61
16163,2022-01-19,12.07
16163,2022-01-26,14.24
16163,2022-02-02,16.03
16163,2022-02-09,17.18
16163,2022-02-16,21.06
16163,2022-02-23,25.43
16163,2022-03-02,29.28
16163,2022-03-09,30.75
19319,2022-09-16,2.6
18238,2023-03-28,1.09
18238,2023-04-04,2.76
18238,2023-04-11,4.26
18238,2023-04-18,5.35
18238,2023-04-25,6.44
18238,2023-05-01,7.42
18238,2023-05-09,6.59
18238,2023-05-09,6.59
14579,2022-07-18,13.5
14579,2022-07-08,10.2
14579,2022-06-28,8.0
16215,2022-10-10,2.73
16215,2022-10-16,4.28
16215,2022-10-22,5.74
16215,2022-10-27,7.76
16215,2022-11-01,9.44
16215,2022-11-06,10.78
16215,2022-11-11,12.06
16215,2022-11-16,14.19
16215,2022-11-22,16.35
16215,2022-11-27,18.36
16215,2022-12-02,20.68
16215,2022-12-06,22.75
16215,2022-12-11,25.15
16215,2022-12-15,26.66
17743,2022-09-24,3.78
17743,2022-10-01,5.81
17743,2022-10-08,8.13
17743,2022-10-15,10.21
17743,2022-10-21,12.55
17743,2022-10-28,14.0
17743,2022-11-11,20.06
17743,2022-11-02,16.55
17743,2022-11-17,22.28
17743,2022-11-24,23.9
15802,2022-07-21,4.65
15802,2022-07-27,6.26
15802,2022-07-21,4.65
15802,2022-07-31,8.06
15802,2022-08-15,11.47
15802,2022-08-10,10.24
15802,2022-08-20,13.14
15802,2022-08-30,16.86
15802,2022-08-25,15.27
15802,2022-09-04,20.3
15802,2022-09-09,21.69
20944,2022-09-24,3.52
20944,2022-10-01,5.16
20944,2022-10-08,6.76
20944,2022-10-15,9.5
20944,2022-10-21,10.16
20944,2022-10-28,13.23
20944,2022-11-11,16.72
20944,2022-11-03,13.58
20944,2022-11-17,19.16
20944,2022-11-24,22.11
17857,2022-06-13,8.1
17857,2022-06-28,10.9
17857,2022-06-28,10.9
20390,2023-04-06,5.1
20390,2023-04-12,7.02
20390,2023-04-18,9.0
20390,2023-04-28,15.5
20390,2023-05-08,19.0
20390,2023-05-19,24.5
20390,2023-05-27,26.5
20390,2023-06-04,32.5
16803,2022-12-01,6.8
16803,2022-12-11,9.17
16803,2022-12-21,14.38
16803,2022-12-31,18.75
16803,2023-01-10,22.78
18732,2022-05-24,4.5
18732,2022-05-28,6.77
18732,2022-06-04,9.65
18732,2022-05-14,2.4
18732,2022-05-21,4.59
18732,2022-06-11,12.2
18732,2022-06-25,16.32
18732,2022-07-16,21.8
18325,2021-04-20,23.26
16330,2022-08-24,4.2
15304,2022-10-09,3.0
15304,2022-11-03,9.6
17738,2022-12-07,1.56
17738,2022-11-30,0.55
17738,2022-12-14,3.31
17738,2022-12-21,6.29
17738,2022-12-28,8.24
17738,2023-01-04,10.56
17738,2023-01-11,11.75
17738,2023-01-18,15.15
17738,2023-01-25,15.5
18674,2022-06-19,4.5
18674,2022-06-12,2.84
18674,2022-06-26,5.31
18674,2022-07-03,7.21
18674,2022-07-19,10.0
18828,2023-03-29,3.03
18828,2023-04-13,7.0
18828,2023-04-23,9.09
18828,2023-04-18,8.0
15982,2022-10-10,2.31
15982,2022-10-16,4.37
15982,2022-10-22,5.86
15982,2022-10-27,7.59
15982,2022-11-01,8.45
15982,2022-11-06,9.96
15982,2022-11-11,11.53
15982,2022-11-16,13.17
15982,2022-11-22,15.69
15982,2022-11-27,18.53
15982,2022-12-02,21.05
15982,2022-12-06,21.85
15982,2022-12-11,25.5
15982,2022-12-15,27.51
18232,2022-10-30,3.0
18232,2022-11-08,4.4
18232,2022-11-14,5.95
18232,2022-11-20,7.0
18232,2022-11-27,6.84
18232,2022-12-05,6.84
18232,2022-12-14,9.18
18232,2022-12-20,10.8
18924,2022-07-07,9.5
18924,2022-07-14,11.0
18924,2022-07-25,13.5
18924,2022-08-04,17.6
18924,2022-09-02,33.8
16711,2022-05-01,1.24
16711,2022-05-11,2.14
16711,2022-05-21,4.18
16711,2022-05-31,6.25
16711,2022-06-10,8.9
16711,2022-06-20,14.4
17730,2022-10-08,4.02
17730,2022-10-15,6.46
17730,2022-10-22,8.39
17730,2022-10-29,11.9
17730,2022-10-31,11.49
17730,2022-11-07,15.2
17730,2022-11-10,15.38
17730,2022-11-17,18.82
17730,2022-11-23,21.15
17730,2022-11-24,22.22
17730,2022-12-01,25.6
17730,2022-12-08,30.88
17730,2022-12-14,32.72
15502,2022-10-22,3.4
15502,2022-10-29,4.6
15502,2022-11-05,7.1
15502,2022-11-11,10.0
15413,2021-06-28,5.6
15413,2021-06-16,3.6
20658,2022-12-17,2.26
20658,2022-12-24,3.24
20658,2022-12-31,4.99
20658,2023-01-07,6.23
20658,2023-01-08,7.37
20658,2023-01-14,8.58
20658,2023-01-21,8.91
20658,2023-01-28,10.83
20658,2023-02-02,11.34
20658,2023-02-11,12.96
18919,2022-06-08,5.0
17636,2022-08-15,1.65
17636,2022-08-22,3.24
17636,2022-08-29,5.55
17636,2022-09-05,6.93
17636,2022-09-12,9.11
17636,2022-09-18,9.4
17636,2022-09-26,13.79
17636,2022-10-03,14.44
17636,2022-10-10,14.73
17636,2022-10-16,17.04
16294,2022-09-11,1.8
16294,2022-09-19,3.1
16294,2022-09-26,4.5
16294,2022-10-03,5.0
16294,2022-10-10,7.27
16294,2022-10-21,9.5
21026,2023-01-25,2.13
21026,2023-02-01,3.2
21026,2023-02-08,5.1
21026,2023-02-15,6.3
21026,2023-02-21,7.7
21026,2023-02-22,7.7
21026,2023-03-01,10.3
21026,2023-03-15,15.25
21026,2023-03-08,11.5
21026,2023-03-22,15.25
21026,2023-04-12,18.2
21026,2023-04-05,16.4
21026,2023-03-29,16.1
21026,2023-04-19,19.6
21026,2023-04-26,22.1
18877,2022-10-19,0.7
18877,2022-10-26,1.43
18877,2022-11-02,1.8
18877,2022-11-02,1.8
18877,2022-11-09,2.98
18877,2022-11-16,3.52
18877,2022-11-23,5.9
18877,2022-12-07,11.0
18877,2022-11-30,8.37
18877,2022-12-14,12.82
18877,2022-12-21,16.2
18877,2022-12-28,18.81
18877,2023-01-04,20.34
18877,2023-01-11,24.27
18613,2022-04-10,4.05
18613,2022-04-17,6.23
18613,2022-04-24,9.2
18613,2022-05-01,10.53
18613,2022-05-08,12.8
18613,2022-05-10,12.99
19310,2022-09-14,2.25
19310,2022-09-19,2.96
19310,2022-09-24,4.41
19310,2022-09-29,5.24
19310,2022-10-02,5.0
16298,2022-08-11,5.6
16298,2022-08-18,8.8
16298,2022-08-23,9.66
16298,2022-08-31,13.89
16298,2022-09-12,19.25
16298,2022-09-22,25.42
16298,2022-10-06,34.05
17468,2022-09-12,2.4
17468,2022-09-19,4.2
17468,2022-09-26,6.2
17468,2022-10-03,8.2
17468,2022-10-10,12.0
17468,2022-10-17,14.7
19367,2022-12-17,1.85
19367,2022-12-24,2.71
19367,2022-12-31,4.81
19367,2023-01-07,5.42
19367,2023-01-08,6.09
19367,2023-01-14,7.56
16142,2023-07-06,12.5
18989,2021-12-02,2.23
18989,2021-12-09,5.05
18989,2021-12-16,7.99
18989,2021-12-23,10.74
18989,2021-12-30,14.24
20667,2021-05-10,3.0
20667,2021-05-17,4.23
20667,2021-05-24,6.27
20667,2021-05-31,7.29
20667,2021-06-07,9.51
20667,2021-06-11,9.74
20667,2021-06-14,11.83
20667,2021-06-21,13.18
20667,2021-06-27,14.0
20667,2021-07-05,17.88
20667,2021-07-12,19.85
20667,2021-06-28,14.0
20667,2021-07-19,20.47
20667,2021-07-26,23.56
22601,2023-02-08,0.67
22601,2023-02-15,1.18
22601,2023-02-21,2.13
22601,2023-02-22,2.13
22601,2023-02-22,2.13
22601,2023-03-01,3.7
22601,2023-03-08,5.42
22601,2023-03-15,6.7
22601,2023-03-22,7.34
22601,2023-03-29,9.57
22601,2023-04-05,11.06
22601,2023-04-12,14.51
22601,2023-04-19,18.55
22601,2023-04-26,19.95
22601,2023-05-03,23.42
22601,2023-05-10,25.89
22601,2023-05-17,29.69
22601,2023-05-24,32.23
22601,2023-05-31,31.36
22601,2023-06-05,34.07
22601,2023-06-07,34.07
19874,2023-01-03,3.3
19874,2023-01-10,5.0
19874,2023-01-17,6.74
19874,2023-01-24,9.1
19874,2023-02-04,12.05
19874,2023-02-11,15.2
19874,2023-02-23,19.0
12857,2022-08-15,1.95
12857,2022-08-22,3.09
12857,2022-08-29,5.0
12857,2022-09-05,6.77
12857,2022-09-12,8.82
12857,2022-09-18,9.94
12857,2022-09-26,13.45
12857,2022-10-03,15.31
12857,2022-10-10,16.78
12857,2022-10-16,19.74
20664,2021-11-07,2.1
20664,2021-11-17,3.4
20990,2022-06-13,11.0
20990,2022-06-28,17.8
18537,2022-09-02,3.56
18537,2022-09-09,5.8
18537,2022-09-19,9.6
18537,2022-09-26,13.7
18537,2022-10-03,17.0
18537,2022-10-10,21.2
15065,2022-12-14,0.4
15065,2022-12-21,1.38
15065,2022-12-28,3.2
15065,2023-01-04,5.04
15065,2023-01-11,7.1
15065,2023-01-18,10.01
15065,2023-01-25,11.5
15065,2023-02-01,13.4
15065,2023-02-08,16.3
15065,2023-02-15,17.7
15065,2023-02-21,20.4
15065,2023-02-22,20.4
15065,2023-03-01,20.6
15065,2023-03-15,24.8
15065,2023-03-08,22.2
21025,2022-10-13,6.3
19072,2022-07-04,1.03
19072,2022-07-14,3.11
19072,2022-07-24,4.98
19072,2022-08-03,6.79
19072,2022-08-08,6.88
19072,2022-08-13,8.05
19072,2022-08-18,9.06
19072,2022-08-23,9.23
19372,2023-04-12,2.4
19372,2023-04-19,3.37
19372,2023-04-26,5.41
19372,2023-05-03,7.75
19372,2023-05-10,9.57
19372,2023-05-15,10.83
19372,2023-05-24,13.28
19372,2023-05-27,13.18
19372,2023-06-03,13.98
19372,2023-06-10,14.42
19372,2023-06-15,14.5
20980,2021-12-04,2.73
20980,2021-12-18,8.26
20980,2021-12-25,10.48
19433,2022-03-28,2.6
19433,2022-04-06,5.25
19433,2022-04-16,8.13
19433,2022-04-26,11.2
19433,2022-05-03,14.7
20971,2022-10-06,1.73
20971,2022-10-12,2.12
20971,2022-11-09,13.69
20971,2022-10-30,7.5
18760,2022-07-01,5.2
18760,2022-07-14,8.9
18760,2022-07-29,11.9
15767,2022-05-24,2.9
15767,2022-05-31,3.9
15767,2022-06-07,5.1
18142,2023-02-08,0.59
18142,2023-02-08,0.59
18142,2023-02-08,0.59
18142,2023-02-15,1.83
18142,2023-02-21,3.84
18142,2023-02-22,3.84
18142,2023-03-01,5.99
18142,2023-03-08,7.9
18142,2023-03-15,9.7
18142,2023-03-22,10.4
18142,2023-04-05,12.91
18142,2023-03-29,12.4
18653,2022-10-08,3.11
18653,2022-10-15,4.91
18653,2022-10-22,7.06
18653,2022-10-29,9.9
18653,2022-10-31,9.83
18653,2022-11-07,13.03
18653,2022-11-10,13.33
18653,2022-11-17,16.19
18653,2022-11-23,19.98
18653,2022-11-24,19.23
18653,2022-12-01,22.7
18653,2022-12-08,26.45
18653,2022-12-14,30.0
18912,2022-10-12,0.3
18912,2022-10-19,0.57
18912,2022-10-26,1.46
18912,2022-11-02,2.26
18912,2022-11-02,2.26
18912,2022-11-16,4.96
18912,2022-11-23,7.1
18912,2022-12-07,11.03
18912,2022-11-30,8.37
18912,2022-12-14,12.52
18912,2022-12-21,15.39
18912,2022-12-28,17.4
18912,2023-01-04,18.0
18912,2023-01-11,20.7
19518,2022-09-19,6.0
18616,2022-09-25,2.4
18616,2022-10-03,3.8
18616,2022-10-09,6.3
20841,2023-02-15,0.71
20841,2023-02-21,2.39
20841,2023-02-22,2.39
20841,2023-03-01,4.34
20841,2023-03-08,5.05
20841,2023-03-15,7.5
20841,2023-03-22,8.3
20841,2023-04-12,15.17
20841,2023-04-05,11.4
20841,2023-03-29,9.24
20841,2023-04-19,18.67
20841,2023-04-26,20.08
20841,2023-05-03,23.52
20841,2023-05-10,25.89
20841,2023-05-17,27.28
20841,2023-05-24,28.86
20841,2023-05-31,29.72
20841,2023-06-05,32.58
20841,2023-06-07,32.58
20841,2023-06-14,31.75
20841,2023-06-20,34.73
16164,2022-06-24,2.77
16164,2022-07-01,4.06
16164,2022-07-08,4.52
16164,2022-07-15,7.35
19555,2022-07-07,4.04
19555,2022-07-13,4.78
19555,2022-07-20,6.68
19555,2022-07-27,9.23
19555,2022-08-04,11.76
19555,2022-07-28,9.62
19555,2022-08-08,12.93
19555,2022-08-17,17.53
19555,2022-08-10,14.49
19555,2022-08-23,20.4
19555,2022-08-30,22.56
20976,2022-06-22,3.29
20976,2022-06-29,4.77
20976,2022-07-06,5.5
20976,2022-07-13,5.7
19069,2022-12-03,4.08
19069,2022-12-11,6.9
19069,2022-12-18,10.97
20600,2022-06-19,4.33
20600,2022-06-26,6.0
20600,2022-07-03,7.61
15213,2022-07-11,5.8
15213,2022-07-21,9.3
15213,2022-07-21,9.3
15213,2022-07-31,13.2
15213,2022-08-10,16.6
15213,2022-08-20,20.51
17740,2020-08-01,15.79
19653,2021-12-02,3.07
19653,2021-12-09,4.58
19653,2021-12-16,7.55
19048,2022-10-26,0.37
19048,2022-11-02,0.94
19048,2022-11-09,2.9
19048,2022-11-16,3.4
19048,2022-11-16,3.4
19048,2022-11-23,5.64
19048,2022-12-07,7.98
19048,2022-11-30,6.39
19048,2022-12-14,10.57
19048,2022-12-21,11.25
19048,2022-12-21,11.25
19048,2022-12-28,12.98
19048,2022-12-28,12.98
19048,2023-01-04,15.65
19048,2023-01-11,17.65
19048,2023-01-18,18.8
19048,2023-01-18,18.8
19048,2023-01-24,17.04
19048,2023-01-25,17.04
19048,2023-02-01,20.3
17125,2022-06-19,4.0
17125,2022-06-12,3.54
17125,2022-06-26,5.2
17125,2022-07-03,7.11
17125,2022-07-19,10.86
14693,2023-03-20,2.26
14693,2023-03-29,3.5
14693,2023-04-07,6.25
14693,2023-04-18,8.13
18740,2022-06-24,2.27
18740,2022-07-08,4.0
18740,2022-07-15,4.71
18740,2022-07-01,3.2
15308,2022-12-10,4.25
15308,2022-12-17,6.45
15308,2022-12-24,8.17
15308,2022-12-31,9.17
15308,2023-01-07,10.51
15308,2023-01-14,11.5
15308,2023-01-18,12.75
15308,2023-01-29,11.9
18918,2021-05-19,4.89
18918,2021-05-26,6.95
18918,2021-06-02,8.89
18918,2021-06-09,10.41
18918,2021-06-16,13.21
18918,2021-06-24,15.79
18918,2021-06-30,17.06
18918,2021-07-08,20.0
18918,2021-07-14,21.7
18918,2021-07-21,24.94
12359,2022-10-30,0.81
12359,2022-11-09,2.65
12359,2022-11-16,4.67
12359,2022-11-23,6.76
12359,2022-11-30,9.19
12359,2022-12-07,12.78
12359,2022-12-14,11.39
12359,2023-01-03,16.5
12359,2022-12-20,10.56
12359,2023-01-10,18.33
14822,2022-06-19,5.88
14822,2022-06-12,3.98
14822,2022-06-26,6.93
14822,2022-07-03,7.45
14822,2022-07-19,10.69
16064,2022-06-13,4.0
16064,2022-06-20,8.1
16064,2022-06-28,17.9
20151,2022-12-18,2.44
20151,2022-12-25,3.91
20151,2023-01-01,6.09
20151,2023-01-14,9.14
20151,2023-01-08,7.37
20151,2023-01-22,10.44
20151,2023-01-29,12.6
20151,2023-02-02,13.64
17633,2021-12-04,2.25
17633,2021-12-18,6.93
17741,2022-05-29,3.26
17741,2022-06-12,8.16
17741,2022-06-25,13.62
17741,2022-07-03,16.69
17741,2022-07-09,19.8
17741,2022-07-16,23.35
17741,2022-07-30,26.68
17741,2022-07-22,27.62
20837,2023-01-01,5.47
20259,2023-02-21,6.11
20259,2023-02-14,4.8
20259,2023-02-07,3.68
20259,2023-01-31,2.47
20259,2023-01-24,1.98
20259,2023-02-28,7.27
20259,2023-03-07,8.58
20259,2023-03-14,9.0
20259,2023-03-21,10.56
20259,2023-04-04,15.4
20259,2023-03-28,13.32
20259,2023-04-18,19.5
20259,2023-04-11,17.7
20259,2023-04-25,21.87
20259,2023-05-02,24.5
15778,2022-07-19,0.53
15778,2022-07-29,2.22
15778,2022-08-08,4.28
15778,2022-08-18,5.59
15778,2022-08-23,6.01
15067,2023-03-02,1.3
15067,2023-03-09,2.2
15067,2023-03-16,2.6
15067,2023-03-30,3.2
15067,2023-03-23,3.0
16636,2023-02-08,4.0
16636,2023-02-08,4.0
16636,2023-02-19,6.06
16636,2023-02-25,7.7
16636,2023-02-27,8.3
19318,2022-06-18,3.0
12491,2022-07-01,15.4
12491,2022-06-20,12.5
16513,2022-12-10,3.38
16513,2022-12-17,5.48
16513,2022-12-24,7.26
16513,2022-12-31,8.66
16513,2023-01-07,9.97
16513,2023-01-15,12.09
16513,2023-01-18,12.94
16513,2023-01-29,11.76
20294,2023-03-27,2.1
20294,2023-04-03,2.8
20294,2023-04-13,4.63
20294,2023-04-23,6.4
20294,2023-05-03,11.0
20294,2023-05-08,12.5
15017,2022-04-09,3.34
15017,2022-04-16,5.54
15017,2022-04-23,7.33
15017,2022-04-30,9.4
15017,2022-05-07,10.9
15017,2022-05-12,12.51
17437,2022-09-02,3.06
17437,2022-09-09,4.9
17437,2022-09-19,7.6
17437,2022-09-26,11.3
17437,2022-10-03,13.1
17437,2022-10-10,16.8
21019,2022-06-22,3.1
21019,2022-06-29,4.03
21019,2022-07-06,4.81
21019,2022-07-13,5.66
21019,2022-07-20,6.42
17882,2023-07-11,4.76
16961,2021-02-23,4.3
16626,2023-04-26,2.2
9104,2022-06-02,88.0
16666,2021-05-10,2.01
16666,2021-05-17,3.02
16666,2021-05-24,4.74
16666,2021-05-31,5.91
16666,2021-06-07,7.0
16666,2021-06-11,7.24
16666,2021-06-14,9.07
16666,2021-06-21,10.32
16666,2021-06-27,10.77
16666,2021-07-05,14.31
16666,2021-07-12,16.0
16666,2021-06-28,10.77
16666,2021-07-19,16.19
16666,2021-07-26,18.34
15511,2022-06-24,2.98
9097,2021-11-07,2.2
9097,2021-11-17,3.3
17832,2022-08-24,2.75
17832,2022-09-03,4.2
17832,2022-09-12,5.5
14437,2022-10-05,0.17
14437,2022-10-12,0.54
14437,2022-10-19,0.85
14437,2022-10-26,1.97
14437,2022-11-02,2.53
14437,2022-11-02,2.53
14437,2022-11-16,4.96
14437,2022-11-23,8.03
14437,2022-11-16,4.96
14437,2022-12-07,10.5
14437,2022-11-30,9.4
14437,2022-12-14,12.4
14437,2022-12-21,14.13
14437,2022-12-28,15.72
14437,2023-01-04,18.16
14437,2023-01-11,23.7
14437,2023-01-18,22.63
21023,2023-03-11,7.4
21023,2023-03-18,8.0
21023,2023-03-25,9.8
21023,2023-03-30,11.0
20742,2022-12-01,5.38
20742,2022-12-11,8.19
20742,2022-12-21,12.32
20742,2022-12-31,15.44
19685,2022-12-03,3.08
19685,2022-12-11,6.3
19685,2022-12-18,7.13
16331,2022-06-23,4.5
17639,2022-02-24,3.0
17639,2022-03-03,4.7
17639,2022-03-10,7.0
17639,2022-03-17,10.0
17639,2022-03-24,12.5
17639,2022-03-31,14.7
17639,2022-04-07,16.9
17639,2022-04-14,19.2
17639,2022-04-21,22.2
17639,2022-04-28,25.0
17639,2022-05-05,28.6
17639,2022-05-05,28.6
15493,2023-04-04,2.85
19303,2022-07-30,0.02
19303,2022-08-17,0.26
19303,2022-08-24,0.25
19303,2022-08-31,0.85
19303,2022-09-07,0.98
19303,2022-09-14,1.67
19303,2022-09-21,2.37
19303,2022-09-28,3.72
19303,2022-10-05,4.58
19303,2022-10-12,5.96
19303,2022-10-12,5.96
19303,2022-10-19,7.29
19303,2022-10-19,7.29
19303,2022-10-26,8.22
19303,2022-11-02,10.14
19303,2022-11-02,10.14
19303,2022-11-09,11.96
19303,2022-11-16,13.45
19303,2022-11-23,14.77
19303,2022-11-23,14.77
19303,2022-11-30,15.44
19303,2022-11-30,15.44
19303,2022-12-07,15.93
18827,2023-06-13,2.64
15789,2022-06-21,5.3
20671,2023-01-11,0.02
20671,2023-01-12,0.02
20671,2023-01-10,0.02
20671,2023-01-13,0.03
20671,2023-01-14,0.04
20671,2023-01-15,0.05
20671,2023-01-16,0.06
20671,2023-01-17,0.07
20671,2023-01-18,0.08
20671,2023-01-18,0.07
20671,2023-01-19,0.1
20671,2023-01-20,0.12
20671,2023-01-21,0.15
20671,2023-01-22,0.18
20671,2023-01-23,0.21
20671,2023-01-24,0.26
20671,2023-01-25,0.31
20671,2023-01-26,0.37
20671,2023-01-27,0.45
20671,2023-01-28,0.54
20671,2023-01-29,0.65
20671,2023-01-30,0.77
20671,2023-01-31,0.93
20671,2023-02-01,1.14
20671,2023-02-02,1.34
20671,2023-02-03,1.6
20671,2023-02-04,1.6
20671,2023-02-06,1.73
20671,2023-02-09,2.19
20671,2023-02-09,2.19
20671,2023-02-09,2.19
20671,2023-02-09,2.19
20671,2023-02-14,2.87
20671,2023-02-19,3.58
20671,2023-02-24,3.93
20671,2023-03-01,4.95
20671,2023-03-06,5.58
20671,2023-03-11,5.43
20671,2023-03-16,5.75
20671,2023-03-20,6.55
20671,2023-03-25,7.15
20671,2023-03-25,7.15
20671,2023-03-30,7.31
20671,2023-04-04,7.98
20671,2023-04-10,9.11
18754,2022-04-14,7.4
15836,2023-03-08,1.0
15836,2023-03-15,1.5
15836,2023-03-22,2.5
15836,2023-04-12,6.04
15836,2023-04-05,4.3
15836,2023-03-29,3.6
15836,2023-04-19,7.11
15836,2023-04-26,9.52
15836,2023-05-03,11.6
15836,2023-05-10,14.2
15836,2023-05-17,16.0
15836,2023-05-24,16.7
15836,2023-05-31,19.0
15836,2023-06-05,20.0
15836,2023-06-07,20.0
15836,2023-06-14,20.83
23531,2022-10-19,3.08
23531,2022-10-26,4.6
23531,2022-11-02,5.3
23531,2022-11-09,6.2
20246,2023-01-10,0.02
20246,2023-01-11,0.02
20246,2023-01-12,0.02
20246,2023-01-13,0.03
20246,2023-01-14,0.04
20246,2023-01-15,0.05
20246,2023-01-16,0.06
20246,2023-01-17,0.07
20246,2023-01-18,0.08
20246,2023-01-18,0.07
20246,2023-01-19,0.1
20246,2023-01-20,0.12
20246,2023-01-21,0.15
20246,2023-01-22,0.18
20246,2023-01-23,0.21
20246,2023-01-24,0.26
20246,2023-01-25,0.31
20246,2023-01-24,0.25
20246,2023-01-26,0.37
20246,2023-01-27,1.0
20246,2023-01-24,0.26
20246,2023-01-25,0.31
20246,2023-01-26,0.37
20246,2023-01-27,0.45
20246,2023-01-28,0.54
20246,2023-01-29,0.65
20246,2023-01-30,0.77
20246,2023-01-31,0.93
20246,2023-02-01,1.15
20246,2023-02-02,1.34
20246,2023-02-03,1.6
20246,2023-02-04,1.55
20246,2023-02-06,1.97
20246,2023-02-09,2.12
20246,2023-02-14,2.25
20246,2023-02-19,3.62
20246,2023-02-24,5.26
20246,2023-03-01,6.6
20246,2023-03-06,8.66
20246,2023-03-11,9.8
20246,2023-03-16,10.8
20246,2023-03-20,11.59
20246,2023-03-25,14.0
20246,2023-03-25,13.5
20246,2023-03-30,16.29
20246,2023-04-04,18.77
20246,2023-04-10,19.56
20246,2023-04-14,21.35
20246,2023-04-14,10.43
21834,2023-05-10,4.76
21834,2023-05-21,9.09
19855,2022-04-09,3.52
19855,2022-04-16,6.13
19855,2022-04-23,7.97
19855,2022-04-30,9.67
19855,2022-05-07,11.35
19855,2022-05-14,13.07
18223,2022-10-14,0.7
18223,2022-10-19,0.9
19615,2023-01-03,3.09
19615,2023-01-10,5.0
19615,2023-01-17,7.03
19615,2023-01-24,9.3
19615,2023-02-04,12.45
19615,2023-02-11,15.9
19615,2023-02-23,18.7
19615,2023-03-02,21.6
19615,2023-03-08,23.1
17632,2022-03-23,3.6
17632,2022-03-30,5.1
17632,2022-04-06,7.1
17632,2022-04-14,9.8
17632,2022-04-21,13.0
17632,2022-04-28,16.7
17632,2022-05-05,19.6
17632,2022-05-05,19.6
17632,2022-05-12,22.7
17632,2022-05-19,25.0
20075,2023-03-14,1.67
20075,2023-03-21,2.85
20075,2023-03-28,4.3
20075,2023-04-04,6.3
20075,2023-05-09,20.2
20075,2023-04-11,9.1
20075,2023-04-18,13.1
20075,2023-04-25,15.1
20075,2023-05-02,16.3
20075,2023-05-16,24.4
20075,2023-05-23,25.8
20075,2023-05-30,28.4
19957,2022-11-17,4.5
19957,2022-12-20,16.7
15819,2023-01-25,1.7
15819,2023-02-01,3.25
15819,2023-02-08,5.0
15819,2023-02-15,6.1
15819,2023-02-21,7.3
15819,2023-02-22,7.3
15819,2023-03-01,9.4
15819,2023-03-15,12.3
15819,2023-03-08,10.6
15819,2023-03-22,13.45
15819,2023-04-12,17.3
15819,2023-04-05,15.7
15819,2023-03-29,14.2
15819,2023-04-19,20.4
15869,2022-12-14,1.72
15869,2022-12-19,2.36
15869,2022-12-26,3.05
15869,2023-01-02,4.16
15869,2023-01-09,5.16
15869,2023-01-16,5.45
15869,2023-01-23,6.0
15869,2023-01-31,6.38
15869,2023-02-06,6.39
18670,2021-12-04,2.86
18670,2021-12-18,7.34
18670,2021-12-25,10.98
15219,2022-07-12,6.8
15219,2022-07-19,7.29
15219,2022-07-26,8.68
15219,2022-08-02,10.21
15005,2022-05-09,4.1
15005,2022-05-15,5.58
15005,2022-05-23,6.87
15005,2022-05-30,8.67
15005,2022-06-06,11.28
17860,2022-06-29,2.45
17860,2022-07-11,3.4
17860,2022-07-21,5.2
14094,2023-01-11,2.5
14094,2023-01-18,5.0
14094,2023-01-25,6.46
14094,2023-02-01,8.3
14094,2023-02-08,10.7
14094,2023-02-15,12.2
14094,2023-02-21,13.1
14094,2023-02-22,13.1
14094,2023-03-01,15.5
14094,2023-03-15,21.0
14094,2023-03-08,18.1
18233,2023-04-04,2.5
18233,2023-04-26,5.26
15508,2022-07-24,1.03
15508,2022-07-29,2.12
15508,2022-08-03,2.54
15508,2022-08-08,3.0
15508,2022-08-13,5.22
15508,2022-08-18,6.56
15508,2022-08-23,7.2
15508,2022-08-28,8.65
15508,2022-09-02,9.82
15508,2022-09-07,11.72
15508,2022-09-12,15.8
15508,2022-09-17,17.2
15508,2022-09-20,19.68
15508,2022-09-27,22.1
15508,2022-10-04,25.0
15508,2022-10-17,31.62
15508,2022-10-12,28.5
15508,2022-10-22,34.64
15508,2022-10-27,35.86
15508,2022-11-01,39.2
19077,2023-05-10,6.6
19077,2023-05-16,9.09
16365,2022-08-15,1.65
16365,2022-08-22,3.36
16365,2022-08-29,6.05
16365,2022-09-05,7.31
16365,2022-09-12,9.2
16365,2022-09-18,10.03
16365,2022-09-26,13.85
16365,2022-10-03,16.01
16365,2022-10-10,16.52
16365,2022-10-16,18.51
15066,2021-05-10,2.54
15066,2021-05-17,3.46
15066,2021-05-24,5.0
15066,2021-05-31,6.25
15066,2021-06-07,8.7
15066,2021-06-11,8.8
15066,2021-06-14,10.07
15066,2021-06-21,12.36
15066,2021-06-27,12.85
15066,2021-07-05,14.5
15066,2021-07-12,16.14
15066,2021-06-28,12.85
15066,2021-07-19,17.92
15066,2021-07-26,20.83
12863,2023-02-13,1.74
12863,2023-02-19,2.6
12863,2023-02-25,4.0
12863,2023-03-03,5.54
12863,2023-03-08,6.99
12863,2023-03-13,8.07
12863,2023-03-18,9.04
12863,2023-03-23,10.3
12863,2023-03-28,10.7
12863,2023-04-01,11.77
12863,2023-04-06,12.66
12863,2023-04-11,13.21
19294,2022-09-16,2.4
19294,2022-10-05,5.56
18538,2022-08-02,0.02
18538,2022-08-17,0.22
18538,2022-08-24,0.45
18538,2022-08-31,0.98
18538,2022-09-07,1.45
18538,2022-09-14,2.35
18538,2022-09-21,3.13
18538,2022-09-28,4.23
18538,2022-10-05,6.03
18538,2022-10-12,8.99
18538,2022-10-12,8.99
18538,2022-10-19,10.29
18538,2022-10-19,10.29
18538,2022-10-26,12.11
18538,2022-11-02,14.38
18538,2022-11-02,14.38
18538,2022-11-02,14.38
18538,2022-11-09,14.88
18538,2022-11-16,16.67
18538,2022-11-23,19.7
18538,2022-11-23,19.7
18538,2022-11-30,20.91
18538,2022-11-30,20.91
18538,2022-11-30,20.91
15805,2022-03-23,3.1
15805,2022-03-30,3.9
15805,2022-04-06,5.4
15805,2022-04-15,11.0
18403,2021-05-19,3.54
18403,2021-05-26,4.9
18403,2021-06-02,6.18
18403,2021-06-09,8.47
18403,2021-06-16,10.12
18403,2021-06-24,12.47
18403,2021-06-30,14.06
18403,2021-07-08,15.67
18403,2021-07-14,17.28
18403,2021-07-21,18.28
20124,2022-06-21,5.3
20124,2022-07-01,7.7
20124,2022-07-11,10.4
20124,2022-07-22,15.4
20124,2022-07-27,16.2
20124,2022-08-06,22.0
16588,2023-04-11,9.09
14583,2022-06-24,2.47
14583,2022-07-01,4.0
14583,2022-07-08,4.84
14583,2022-07-15,7.02
16332,2022-06-09,2.74
16332,2022-06-16,4.64
16332,2022-06-23,7.16
16332,2022-06-30,9.4
16332,2022-07-07,12.83
16332,2022-07-14,15.6
16332,2022-07-21,17.0
16332,2022-07-28,21.17
16332,2022-08-04,24.4
16332,2022-08-11,27.97
16332,2022-08-18,31.36
16332,2022-08-25,33.4
16332,2022-09-01,38.5
16332,2022-09-08,40.97
18468,2021-03-09,3.07
18468,2021-03-16,3.76
18468,2021-03-30,8.05
18468,2021-04-05,8.9
18468,2021-04-13,9.28
18958,2021-07-03,5.2
18958,2021-07-09,7.1
18958,2021-07-16,8.5
18958,2021-07-23,9.8
18958,2021-07-30,11.67
18958,2021-08-13,18.1
18958,2021-08-20,23.45
15812,2022-10-30,1.36
15812,2022-11-09,3.5
15812,2022-11-16,5.7
15812,2022-11-23,8.3
15812,2022-11-30,11.96
15812,2022-12-07,12.82
15812,2022-12-14,13.41
15812,2023-01-03,18.4
15812,2022-12-20,11.86
15812,2023-01-10,20.11
21089,2023-01-01,4.96
21089,2023-01-07,7.08
21089,2023-01-15,9.02
21089,2023-01-22,10.51
21089,2023-01-29,12.47
9098,2022-09-09,3.05
9098,2022-09-14,3.8
21944,2022-06-22,3.04
21944,2022-06-29,4.1
21944,2022-07-06,4.49
21944,2022-07-13,5.33
15015,2023-05-19,4.56
15015,2023-05-26,6.06
15015,2023-05-31,7.7
15015,2023-06-06,10.25
15015,2023-06-13,11.9
15015,2023-06-20,14.25
15015,2023-06-27,17.5
15015,2023-07-03,18.86
15015,2023-07-09,20.9
15015,2023-07-09,20.9
19313,2022-09-25,2.7
19313,2022-10-02,4.1
19313,2022-10-09,6.0
20936,2022-08-04,3.0
20936,2022-08-14,5.25
20936,2022-08-24,7.32
20936,2022-09-03,10.6
20936,2022-09-13,12.0
20936,2022-09-21,14.9
20936,2022-09-27,16.2
20936,2022-10-03,19.0
20936,2022-10-09,20.09
17631,2022-11-25,5.65
17631,2022-12-02,7.26
17631,2022-12-09,8.83
17631,2022-12-16,11.7
17631,2022-12-23,14.33
17631,2022-12-30,17.14
17631,2023-01-06,18.95
18975,2022-09-25,2.3
18975,2022-10-02,3.7
18975,2022-10-09,5.5
20949,2022-06-05,12.5
20949,2022-06-10,14.7
20949,2022-06-15,18.2
20949,2022-06-20,20.83
20949,2022-06-25,22.73
20949,2022-06-30,25.0
16006,2022-10-18,1.8
16006,2022-10-27,3.1
16006,2022-11-08,7.0
16006,2022-11-18,9.58
20975,2023-02-01,0.36
20975,2023-02-08,1.45
20975,2023-02-08,1.45
20975,2023-02-08,1.45
20975,2023-02-15,2.45
20975,2023-02-21,4.29
20975,2023-02-22,4.29
20975,2023-03-01,6.35
20975,2023-03-08,8.48
20975,2023-03-15,9.1
20975,2023-03-22,11.81
20975,2023-04-12,16.75
20975,2023-04-05,13.64
20975,2023-03-29,11.88
20975,2023-04-19,19.5
20975,2023-04-26,23.32
20975,2023-05-03,24.59
20975,2023-05-10,26.07
20975,2023-05-17,28.62
20975,2023-05-24,27.55
15772,2023-01-01,5.29
15772,2023-01-07,6.58
15772,2023-01-15,9.0
15772,2023-01-22,10.65
15772,2023-01-29,13.94
15775,2022-04-10,3.76
15775,2022-04-17,6.3
15775,2022-04-24,8.06
15775,2022-05-01,9.81
15775,2022-05-08,11.23
15775,2022-05-20,15.94
15775,2022-05-17,14.28
17609,2022-12-18,2.42
17609,2022-12-25,3.84
17609,2023-01-01,6.12
17609,2023-01-14,10.4
17609,2023-01-08,7.67
17609,2023-01-22,10.4
17609,2023-01-29,12.95
17609,2023-02-02,14.68
17749,2023-02-06,1.4
17749,2023-02-13,2.6
17749,2023-02-20,4.0
17749,2023-02-27,5.6
17749,2023-03-06,7.7
17749,2023-03-13,9.7
17749,2023-03-19,11.2
17749,2023-03-20,11.2
17749,2023-03-27,13.0
17749,2023-04-03,15.4
17749,2023-04-09,16.7
19239,2022-12-18,2.53
19239,2022-12-25,3.99
19239,2023-01-01,5.04
19239,2023-01-14,8.14
19239,2023-01-08,6.89
19239,2023-01-22,8.94
19239,2023-01-29,10.67
19239,2023-02-02,12.23
20857,2022-07-01,4.93
20857,2022-08-11,5.0
20857,2022-08-17,8.32
20857,2022-08-24,11.81
19261,2022-11-01,1.6
19261,2022-11-08,3.44
19261,2022-11-15,4.49
19261,2022-11-22,5.74
20617,2022-01-07,4.3
20617,2021-12-25,2.03
20617,2022-01-01,2.61
20617,2022-01-14,6.31
20617,2022-01-28,12.0
20617,2022-02-04,15.8
20617,2022-02-11,24.0
14577,2022-04-09,2.73
14577,2022-04-16,5.78
14577,2022-04-23,7.86
14577,2022-04-30,9.63
14577,2022-05-07,11.0
14577,2022-05-21,17.54
14577,2022-05-28,19.7
14577,2022-06-04,23.7
14577,2022-06-11,26.7
16334,2022-10-19,2.3
16334,2022-10-26,3.79
16334,2022-11-02,5.2
16334,2022-11-16,6.07
16334,2022-11-09,5.2
16334,2022-11-23,6.07
16334,2022-11-30,6.84
16334,2022-12-07,7.61
16334,2022-12-14,8.46
16334,2022-12-21,10.4
17218,2022-11-23,4.2
21688,2022-06-10,5.96
21688,2022-06-18,7.46
21688,2022-06-10,5.49
21688,2022-06-25,9.72
21688,2022-07-07,13.0
21688,2022-07-14,14.96
21688,2022-07-28,19.68
21688,2022-07-21,17.27
10714,2022-06-19,4.91
10714,2022-06-12,3.58
10714,2022-06-26,5.98
10714,2022-07-03,7.76
10714,2022-07-19,10.48
13451,2022-08-11,5.4
13451,2022-08-18,7.9
13451,2022-08-23,8.82
13451,2022-08-31,10.91
13451,2022-09-12,15.33
13451,2022-09-22,21.76
13451,2022-10-06,28.23
19686,2022-12-17,2.22
19686,2022-12-24,3.75
19686,2022-12-31,6.24
19686,2023-01-07,6.27
19686,2023-01-08,7.63
19686,2023-01-14,9.11
19686,2023-01-21,9.68
19686,2023-01-28,11.67
19686,2023-02-02,13.5
21716,2022-06-24,2.46
21716,2022-06-29,2.9
21716,2022-07-04,4.1
21716,2022-07-09,5.33
21716,2022-07-14,6.36
21716,2022-07-19,8.09
21716,2022-07-25,9.2
19068,2022-11-29,2.6
19068,2022-12-06,3.28
19068,2022-12-13,3.83
19068,2022-12-20,4.73
19068,2022-12-27,5.69
19068,2023-01-13,6.04
19068,2023-01-02,6.29
18590,2022-06-02,3.5
18590,2022-06-12,6.0
18590,2022-06-22,6.8
18590,2022-07-02,7.5
18590,2022-07-12,8.0
18590,2022-07-22,12.8
16328,2022-08-11,5.2
16328,2022-08-18,7.3
16328,2022-08-23,9.12
16328,2022-08-31,11.8
16328,2022-09-12,19.16
16328,2022-09-22,21.61
16328,2022-10-06,26.54
19307,2023-01-01,3.18
19307,2023-01-07,4.05
19307,2023-01-15,5.59
19307,2023-01-22,7.25
19307,2023-01-29,8.53
19063,2022-05-09,4.33
19063,2022-05-15,5.6
19063,2022-05-23,7.91
19063,2022-05-30,11.28
19063,2022-06-06,14.46
19063,2022-06-14,17.55
23362,2023-04-26,8.91
23362,2023-05-27,23.47
20550,2022-09-20,5.0
19238,2022-05-07,2.5
19238,2022-05-20,3.7
19238,2022-05-27,4.9
19238,2022-06-03,6.8
19238,2022-06-10,9.3
19238,2022-06-10,9.3
19238,2022-06-17,11.2
19238,2022-06-24,13.2
19238,2022-07-01,14.1
19238,2022-07-08,15.8
19238,2022-07-15,17.2
17728,2022-09-05,1.4
17728,2022-09-12,2.0
17728,2022-09-19,3.2
17728,2022-09-26,5.0
17728,2022-10-03,6.2
17728,2022-10-10,7.75
17728,2022-10-21,8.2
12348,2023-01-03,3.3
12348,2023-01-10,5.03
12348,2023-01-17,6.8
12348,2023-01-24,10.2
12348,2023-02-04,13.3
12348,2023-02-11,16.5
12348,2023-02-23,21.2
12348,2023-03-02,24.6
12348,2023-03-08,26.4
17720,2022-03-28,2.6
17720,2022-03-28,2.6
17720,2022-04-06,4.94
17720,2022-04-16,8.92
17720,2022-04-26,8.9
17720,2022-05-03,15.6
14585,2022-02-24,2.2
14585,2022-03-03,3.1
14585,2022-03-10,5.1
14585,2022-03-17,7.9
14585,2022-03-24,10.1
14585,2022-03-31,12.7
14585,2022-04-07,17.5
18405,2023-03-15,4.7
18405,2023-03-22,6.93
18405,2023-04-12,12.65
18405,2023-04-05,9.0
18405,2023-03-29,7.79
18405,2023-04-19,14.67
18405,2023-04-26,17.18
18405,2023-05-03,20.1
18405,2023-05-10,23.9
18405,2023-05-17,27.16
18405,2023-05-24,29.7
18405,2023-05-31,31.2
18405,2023-06-05,31.5
18405,2023-06-07,31.5
21024,2023-04-12,2.9
21024,2023-04-19,3.9
21024,2023-04-26,5.81
21024,2023-05-03,8.66
21024,2023-05-10,10.61
21024,2023-05-15,11.84
21024,2023-05-24,14.58
21024,2023-05-27,15.51
21024,2023-06-03,17.62
21024,2023-06-10,20.76
21024,2023-06-13,21.56
21024,2023-06-18,22.47
21024,2023-06-21,22.27
21024,2023-06-23,22.69
21024,2023-06-26,22.72
12864,2022-04-12,3.14
12864,2022-04-19,5.66
12864,2022-04-26,8.59
12864,2022-05-03,9.79
12864,2022-05-10,11.89
12864,2022-05-16,13.79
12864,2022-05-14,11.41
18817,2023-07-07,6.6
12867,2022-10-11,2.4
12867,2022-10-17,3.68
12867,2022-10-24,4.58
12867,2022-10-31,5.65
12867,2022-11-08,6.68
12867,2022-11-15,7.46
12867,2022-11-22,8.23
12867,2022-11-29,9.1
12867,2022-12-06,9.8
12867,2022-12-14,10.0
12867,2022-12-19,11.36
15006,2022-05-07,2.5
15006,2022-05-20,3.1
15006,2022-05-27,4.8
15006,2022-06-03,7.0
15006,2022-06-10,9.3
15006,2022-06-10,9.3
15006,2022-06-17,10.6
15006,2022-06-24,11.9
15006,2022-07-01,11.2
18396,2022-05-24,5.7
18396,2022-05-28,8.3
18396,2022-06-04,12.34
18396,2022-05-13,3.57
18396,2022-05-20,5.7
18396,2022-05-27,8.3
18396,2022-06-03,12.34
18396,2022-06-10,13.91
18396,2022-06-25,19.11
20714,2022-11-25,4.84
20714,2022-12-02,6.12
20714,2022-12-09,8.53
20714,2022-12-16,11.07
20714,2022-12-23,13.02
20714,2022-12-30,16.6
20714,2023-01-06,17.46
22535,2023-04-01,4.76
20948,2022-11-27,3.3
20948,2022-12-22,11.5
19534,2022-05-09,4.26
19534,2022-05-15,5.4
19534,2022-05-23,6.61
19534,2022-05-30,9.41
19534,2022-06-06,12.0
19534,2022-06-13,17.01
15435,2021-12-10,2.53
15435,2021-12-17,5.0
15435,2021-12-24,9.0
15435,2021-12-31,11.6
15435,2022-01-07,15.69
15435,2022-01-14,19.5
15435,2022-01-21,22.72
15435,2022-01-28,27.5
12866,2023-01-14,3.1
12866,2023-01-21,3.7
12866,2023-01-28,6.0
12866,2023-02-04,8.1
12866,2023-02-11,11.5
12866,2023-02-18,14.8
12866,2023-02-25,16.9
12866,2023-03-04,19.6
12866,2023-03-11,22.2
19315,2021-12-04,2.74
19315,2021-12-18,7.9
19315,2021-12-25,10.49
19614,2023-03-20,1.56
19614,2023-03-20,1.56
19614,2023-03-29,3.05
19614,2023-04-07,6.02
18140,2022-10-17,4.3
18140,2022-11-22,18.0
12869,2023-04-02,1.41
12869,2023-04-09,3.5
22532,2021-05-10,2.11
22532,2021-05-17,3.41
22532,2021-05-24,4.84
22532,2021-05-31,5.73
22532,2021-06-07,6.95
22532,2021-06-11,7.42
22532,2021-06-14,8.73
22532,2021-06-21,10.96
22532,2021-06-27,11.74
22532,2021-07-05,13.76
22532,2021-07-12,15.59
22532,2021-06-28,11.74
22532,2021-07-19,17.81
22532,2021-07-26,20.16
15498,2022-06-24,3.29
15498,2022-07-01,4.63
15498,2022-07-08,5.33
15498,2022-07-15,7.01
20763,2022-08-15,2.15
20763,2022-08-29,5.52
20763,2022-08-22,3.52
20763,2022-09-05,7.28
20763,2022-09-12,9.52
20763,2022-09-18,10.05
20763,2022-09-26,13.57
20763,2022-10-03,15.82
20763,2022-10-10,16.91
20763,2022-10-16,18.73
15835,2022-02-24,3.2
15835,2022-03-03,4.8
15835,2022-03-10,6.7
15835,2022-03-17,9.4
15835,2022-03-24,11.3
15835,2022-03-31,13.0
17640,2022-08-06,13.7
18277,2023-02-08,0.67
18277,2023-02-15,1.27
18277,2023-02-21,2.9
18277,2023-02-22,2.9
18277,2023-02-22,2.91
18277,2023-03-01,4.63
18277,2023-03-08,6.23
18277,2023-03-15,8.74
18277,2023-03-22,9.37
18277,2023-03-29,10.29
18277,2023-04-05,11.0
18277,2023-04-12,15.29
18277,2023-04-19,20.43
18277,2023-04-26,22.29
18277,2023-05-03,25.92
18277,2023-05-10,26.96
18277,2023-05-17,30.58
21659,2022-08-21,3.3
21659,2022-09-05,3.8
19302,2022-08-11,4.6
19302,2022-08-18,6.4
19302,2022-08-23,8.03
19302,2022-08-31,10.12
19302,2022-09-12,14.51
19302,2022-09-22,18.12
19302,2022-10-06,22.14
18921,2021-07-03,4.93
18921,2021-07-09,6.6
18921,2021-07-16,8.5
18921,2021-07-23,11.0
18921,2021-07-30,13.0
18921,2021-08-13,18.16
18921,2021-08-20,21.48
18921,2021-06-26,3.2
15496,2022-05-08,7.51
18133,2021-10-03,2.8
18133,2021-09-23,0.78
18133,2021-10-13,4.7
18133,2021-10-22,8.9
18133,2021-11-02,12.8
21660,2022-02-24,2.8
21660,2022-03-03,4.4
21660,2022-03-10,6.8
21660,2022-03-17,9.8
21660,2022-03-24,11.5
21660,2022-03-31,13.5
21660,2022-04-07,15.4
20668,2022-08-15,1.93
20668,2022-08-22,3.66
20668,2022-08-29,4.98
20668,2022-09-05,7.38
20668,2022-09-12,8.41
20668,2022-09-18,8.6
20668,2022-09-26,11.04
20668,2022-10-03,13.81
20668,2022-10-10,14.8
20668,2022-10-16,17.12
20943,2023-07-05,12.5
19066,2022-06-24,3.53
19066,2022-07-01,4.92
19066,2022-07-08,7.26
19066,2022-07-15,8.13
19066,2022-07-22,10.39
19066,2022-07-23,10.42
19066,2022-07-24,10.75
19066,2022-07-16,8.7
19066,2022-07-31,13.68
19066,2022-08-02,13.51
19066,2022-08-09,15.21
19066,2022-08-10,15.62
19066,2022-08-17,18.18
19066,2022-08-24,20.76
17532,2022-05-09,4.4
17532,2022-05-15,5.78
17532,2022-05-23,7.74
17532,2022-05-30,9.57
17532,2022-06-06,12.8
9091,2022-06-22,3.03
9091,2022-06-29,3.93
9091,2022-07-06,4.49
9091,2022-07-13,4.54
9091,2022-07-20,5.26
17306,2022-05-18,5.5
17306,2022-05-23,8.3
17306,2022-05-29,7.92
17306,2022-06-06,9.0
17306,2022-06-10,9.2
17306,2022-06-15,10.6
17306,2022-06-21,13.49
17306,2022-06-26,14.2
17306,2022-06-30,17.0
20665,2022-12-28,1.6
20665,2023-01-04,2.7
20665,2023-01-11,4.2
20665,2023-01-18,7.0
20665,2023-01-25,8.03
20665,2023-02-01,10.2
20665,2023-02-08,12.6
20665,2023-02-15,14.1
20665,2023-02-21,14.9
20665,2023-02-22,14.9
20665,2023-03-01,16.5
20665,2023-03-15,18.8
20665,2023-03-08,17.7
19669,2022-10-26,14.28
18446,2023-04-26,8.06
18446,2023-05-27,16.72
15758,2022-07-21,19.6
15758,2022-05-19,1.92
15758,2022-06-05,5.64
15758,2022-05-23,1.92
15758,2022-05-30,4.88
15758,2022-06-13,7.85
15758,2022-06-14,9.75
15758,2022-05-19,1.49
15758,2022-07-09,15.62
15758,2022-07-03,13.16
19803,2022-11-29,2.76
19803,2022-12-06,3.21
19803,2022-12-13,4.07
19803,2022-12-21,5.22
19803,2022-12-27,6.16
19803,2023-01-10,6.65
19803,2023-01-02,7.16
19314,2022-06-14,0.15
19314,2022-06-19,0.64
19314,2022-06-24,1.53
19314,2022-06-29,2.29
19314,2022-07-09,4.3
19314,2022-07-14,5.59
20429,2022-04-02,3.28
20429,2022-04-09,4.46
20429,2022-04-16,6.13
20429,2022-04-22,7.04
20429,2022-04-29,7.51
19755,2023-06-13,2.68
19755,2023-06-19,4.45
17880,2022-07-26,0.01
17880,2022-08-10,0.19
17880,2022-08-17,0.37
17880,2022-08-24,0.67
17880,2022-08-31,1.12
17880,2022-09-07,1.8
17880,2022-09-14,2.45
17880,2022-09-21,3.83
17880,2022-09-28,5.66
17880,2022-09-28,5.66
17880,2022-10-05,7.91
17880,2022-10-12,10.27
17880,2022-10-19,11.11
17880,2022-10-26,12.16
17880,2022-11-02,13.61
17880,2022-11-09,14.67
17880,2022-11-16,16.35
17880,2022-11-16,16.35
17880,2022-11-23,16.27
17880,2022-11-23,16.27
17880,2022-11-30,17.06
17880,2022-12-07,17.06
17126,2022-11-23,0.77
17126,2022-11-23,0.77
17126,2022-11-23,0.77
17126,2022-11-30,1.42
17126,2022-11-30,1.42
17126,2022-12-07,2.86
17126,2022-12-14,5.11
17126,2022-12-14,5.11
17126,2022-12-28,10.62
17126,2022-12-28,10.62
17126,2022-12-21,8.04
17126,2023-01-04,12.6
17126,2023-01-11,15.79
17126,2023-01-11,15.95
17126,2023-01-18,17.84
17126,2023-01-18,17.84
17126,2023-01-18,17.84
17126,2023-01-25,19.3
17126,2023-02-01,18.83
17126,2023-02-08,23.39
17126,2023-02-08,23.39
17126,2023-02-08,23.39
17126,2023-02-15,26.8
17126,2023-02-21,27.82
17126,2023-02-22,27.82
17126,2023-03-01,31.53
9103,2022-09-27,3.11
9103,2022-10-20,6.68
9103,2022-10-14,5.82
9103,2022-10-04,4.14
9103,2022-10-28,8.93
16339,2022-04-09,3.15
16339,2022-04-19,5.4
16339,2022-04-29,9.4
16054,2022-08-08,0.02
16054,2022-08-24,0.15
16054,2022-08-31,0.39
16054,2022-09-07,0.66
16054,2022-09-14,1.2
16054,2022-09-21,1.81
16054,2022-10-05,5.6
16054,2022-10-19,7.98
16054,2022-10-26,9.15
16054,2022-11-02,11.3
16054,2022-11-02,11.3
16054,2022-11-09,13.13
16054,2022-09-28,2.98
16054,2022-10-12,6.77
16054,2022-11-16,14.89
16054,2022-11-16,14.89
16054,2022-11-23,16.42
16054,2022-11-30,17.5
16054,2022-12-07,19.65
16054,2022-12-14,18.6
16054,2022-12-14,18.6
16054,2022-12-21,19.6
17638,2022-03-28,2.7
17638,2022-03-28,2.7
17638,2022-04-06,5.06
17638,2022-04-16,7.69
15305,2023-06-13,2.69
15305,2023-06-19,4.03
15499,2023-01-03,1.3
15499,2023-01-10,1.7
15499,2023-01-17,3.3
15499,2023-01-24,4.5
15499,2023-01-31,6.4
15499,2023-02-07,7.7
15499,2023-02-14,9.6
15499,2023-02-21,10.9
15499,2023-02-28,12.8
15499,2023-03-07,14.98
15499,2023-03-14,17.1
15499,2023-03-21,18.8
15499,2023-03-27,20.2
15499,2023-04-03,23.4
15499,2023-04-10,25.2
19312,2023-02-13,1.38
19312,2023-02-19,2.54
19312,2023-02-25,3.56
19312,2023-03-03,4.9
19312,2023-03-08,6.19
19312,2023-03-13,7.08
19312,2023-03-18,7.79
19312,2023-03-23,9.22
19312,2023-03-28,9.78
19312,2023-04-01,10.58
19312,2023-04-06,11.53
19312,2023-04-11,13.93
18911,2021-12-04,1.85
18911,2021-12-18,6.63
18911,2021-12-25,9.04
19600,2022-12-21,0.4
19600,2023-01-11,1.8
19600,2023-01-18,2.9
19600,2023-01-25,4.15
19600,2023-02-01,6.2
19600,2023-02-08,9.5
19600,2023-02-15,9.5
19600,2023-02-21,11.6
19600,2023-02-22,11.6
19600,2023-03-01,15.3
19600,2023-03-15,17.8
19600,2023-03-08,15.3
19600,2023-03-22,18.1
19600,2023-04-05,21.3
19600,2023-03-29,19.3
18190,2022-12-17,1.99
18190,2022-12-24,2.97
18190,2022-12-31,4.35
18190,2023-01-07,5.66
18190,2023-01-08,5.93
18190,2023-01-14,8.13
18190,2023-01-21,8.52
18190,2023-01-28,11.37
18190,2023-02-02,11.74
18057,2023-04-12,2.4
18057,2023-04-19,2.96
18057,2023-04-26,4.97
18057,2023-05-03,6.55
18057,2023-05-10,7.86
18057,2023-05-15,8.36
18057,2023-05-24,10.2
18057,2023-05-27,10.33
18057,2023-06-03,11.11
18057,2023-06-10,11.27
19366,2022-08-08,3.69
19366,2022-08-15,4.73
19366,2022-08-22,6.5
19366,2022-08-29,8.25
19366,2022-09-04,9.36
19366,2022-09-11,13.0
19366,2022-09-21,15.63
17439,2023-04-12,2.2
17439,2023-04-19,4.06
17439,2023-04-26,4.95
17439,2023-05-03,7.79
17439,2023-05-10,8.86
17439,2023-05-15,10.18
17439,2023-05-24,12.87
17439,2023-05-27,12.98
17439,2023-06-03,15.16
17439,2023-06-10,16.08
17439,2023-06-13,17.56
17439,2023-06-18,18.77
17439,2023-06-21,18.3
17439,2023-06-26,18.95
20076,2022-06-23,4.2
20076,2022-06-15,4.0
16483,2023-04-24,2.95
16483,2023-05-01,4.9
16483,2023-05-08,6.65
16483,2023-05-15,9.36
16483,2023-05-19,12.52
16483,2023-05-22,12.71
16483,2023-05-29,15.25
16483,2023-06-05,19.58
12865,2023-04-27,1.2
12865,2023-05-02,1.86
12865,2023-05-07,2.37
12865,2023-05-12,3.38
12865,2023-05-17,4.38
12865,2023-05-23,5.66
15750,2023-04-12,2.4
15750,2023-04-19,3.51
15750,2023-04-26,4.75
15750,2023-05-03,6.99
15750,2023-05-10,8.59
15750,2023-05-15,10.19
15750,2023-05-24,12.27
15750,2023-05-27,11.69
15750,2023-06-03,11.94
15750,2023-06-10,13.82
15750,2023-06-15,14.65
15750,2023-06-20,14.99
15750,2023-06-21,15.46
15750,2023-06-26,16.62
22536,2022-12-10,3.42
22536,2022-12-17,5.47
22536,2022-12-24,8.71
22536,2022-12-31,9.76
22536,2023-01-07,11.85
22536,2023-01-14,13.63
22536,2023-01-18,16.81
22536,2023-01-29,13.69
18922,2022-12-01,5.56
18922,2022-12-11,8.96
18922,2022-12-21,12.49
18922,2022-12-31,16.97
18922,2023-01-09,19.73
15484,2022-08-15,1.6
15484,2022-08-22,3.05
15484,2022-08-29,4.6
15484,2022-09-05,6.32
15484,2022-09-12,7.92
15484,2022-09-19,9.79
15484,2022-09-26,11.66
15484,2022-10-03,13.94
15484,2022-10-10,14.83
15484,2022-10-16,17.42
19693,2023-01-05,3.6
19693,2023-01-10,5.2
19693,2023-01-06,3.6
19693,2023-01-07,3.6
19693,2023-01-08,3.6
19693,2023-01-09,3.6
19693,2023-01-11,5.2
19693,2023-01-12,5.2
19693,2023-01-13,5.2
19693,2023-01-14,5.2
19693,2023-01-15,6.0
19693,2023-01-16,6.0
19693,2023-01-17,6.0
19693,2023-01-18,6.0
19693,2023-01-19,6.0
19693,2023-01-20,7.28
19693,2023-01-21,7.2
19693,2023-01-22,7.2
19693,2023-01-23,7.2
19693,2023-01-24,8.65
19693,2023-01-24,8.6
19693,2023-01-25,8.6
19693,2023-01-26,8.6
19693,2023-01-27,8.6
19693,2023-01-28,8.6
19693,2023-01-29,8.6
19693,2023-01-30,10.1
19693,2023-01-31,10.1
19693,2023-02-01,10.1
19693,2023-02-02,10.1
19693,2023-02-04,12.2
19693,2023-02-05,12.2
19693,2023-02-08,12.2
19693,2023-02-09,12.2
19693,2023-02-10,12.2
19693,2023-02-11,13.78
19693,2023-02-12,13.78
19693,2023-02-13,13.78
19693,2023-02-14,13.78
19693,2023-02-15,13.78
19693,2023-02-16,13.7
19693,2023-02-17,13.7
19693,2023-02-18,13.78
20616,2021-12-04,2.0
20616,2021-12-18,7.0
18673,2022-03-13,1.5
18673,2022-03-19,1.98
18673,2022-03-20,1.72
18673,2022-03-26,2.65
18673,2022-03-28,3.3
18673,2022-04-01,3.79
18673,2022-04-05,4.78
18673,2022-04-10,6.66
18673,2022-04-18,8.28
18673,2022-04-23,10.1
18673,2022-04-28,12.4
18673,2022-05-02,12.05
18673,2022-05-08,14.8
18673,2022-05-18,18.24
20739,2022-10-19,2.2
20739,2022-10-26,3.9
20739,2022-11-02,5.5
20739,2022-11-09,6.0
20739,2022-11-16,6.65
20739,2022-11-23,6.7
20739,2022-11-30,7.47
20739,2022-12-07,8.24
20739,2022-12-14,9.09
20739,2022-12-21,10.8
11081,2022-08-16,3.4
11081,2022-08-26,5.9
11081,2022-09-06,6.9
18367,2022-06-20,3.4
18367,2022-07-04,6.75
20409,2022-12-18,2.34
20409,2022-12-25,3.45
20409,2023-01-01,4.93
20409,2023-01-14,8.28
20409,2023-01-08,6.72
20409,2023-01-22,9.05
14097,2022-06-13,2.46
14097,2022-06-20,3.8
14097,2022-06-27,5.6
14097,2022-07-04,6.66
14097,2022-07-11,7.26
14097,2022-07-18,8.26
14097,2022-07-25,8.1
14097,2022-08-01,9.73
16050,2022-06-24,8.1
16050,2022-06-18,5.0
19688,2022-07-29,0.02
19688,2022-08-11,0.15
19688,2022-08-17,0.46
19688,2022-08-24,0.87
19688,2022-08-31,1.54
19688,2022-09-07,1.87
19688,2022-09-14,2.76
19688,2022-09-21,5.02
19688,2022-09-28,5.97
19688,2022-09-28,5.97
19688,2022-10-05,9.65
19688,2022-10-12,10.72
19688,2022-10-19,12.56
19688,2022-10-26,13.89
19688,2022-11-02,16.16
19688,2022-11-09,17.05
19688,2022-11-16,18.63
19688,2022-11-16,18.63
19688,2022-11-23,20.78
19688,2022-11-23,20.78
19688,2022-11-30,22.03
19688,2022-12-07,23.31
19688,2022-12-14,22.04
19688,2022-12-14,22.04
19688,2022-12-21,22.18
19688,2022-12-21,22.18
19688,2022-12-21,22.18
18025,2022-12-14,1.61
18025,2022-12-19,2.34
18025,2022-12-26,3.3
18025,2023-01-02,5.1
18025,2023-01-09,5.51
18025,2023-01-16,5.97
18025,2023-01-23,6.56
18025,2023-01-31,7.43
18025,2023-02-06,7.96
19247,2021-05-19,3.12
19247,2021-05-26,3.63
19247,2021-06-02,5.04
19247,2021-06-09,6.35
19247,2021-06-16,8.53
19247,2021-06-24,10.91
19247,2021-06-30,11.96
19247,2021-07-08,14.14
19247,2021-07-14,17.03
19247,2021-07-21,17.6
12853,2022-05-29,5.64
12853,2022-06-12,10.48
12853,2022-06-25,18.34
12853,2022-07-03,19.8
12853,2022-07-09,22.86
12853,2022-07-16,25.8
12853,2022-07-22,28.29
18753,2022-06-22,3.05
18753,2022-06-29,4.05
18753,2022-07-06,5.47
18753,2022-07-13,6.2
18753,2022-07-20,6.66
20190,2022-11-02,4.2
20190,2022-11-22,8.6
20190,2022-11-12,6.9
20190,2022-11-27,12.5
21347,2023-03-14,1.67
21347,2023-03-21,2.54
21347,2023-03-28,3.5
21347,2023-04-04,4.3
21347,2023-04-11,7.3
21347,2023-04-18,9.6
21347,2023-04-25,10.5
21347,2023-05-02,10.2
21347,2023-05-09,12.5
21347,2023-05-16,12.2
21347,2023-05-23,12.9
21347,2023-05-30,13.3
16880,2022-08-15,1.71
16880,2022-08-22,2.8
16880,2022-08-29,3.9
16880,2022-09-05,5.98
16880,2022-09-12,7.58
16880,2022-09-19,8.94
16880,2022-09-26,11.18
16880,2022-10-03,12.35
16880,2022-10-10,12.55
16880,2022-10-16,13.95
18834,2022-05-29,5.19
18834,2022-06-12,9.62
18834,2022-06-25,16.11
18834,2022-07-03,17.77
18834,2022-07-09,20.34
18834,2022-07-16,23.85
18834,2022-07-22,26.43
14438,2023-03-31,1.07
14438,2023-04-10,3.33
14438,2023-04-21,4.0
12357,2022-08-15,2.29
12357,2022-08-22,3.8
12357,2022-08-29,4.8
12357,2022-09-05,5.96
12357,2022-09-12,8.33
12357,2022-09-18,9.38
12357,2022-09-26,10.95
12357,2022-10-03,14.05
12357,2022-10-10,14.68
12357,2022-10-16,16.67
19049,2022-08-04,2.8
19049,2022-08-14,4.71
19049,2022-08-24,7.2
19049,2022-09-03,10.2
19049,2022-09-13,12.0
19049,2022-09-21,13.72
19049,2022-09-27,16.6
19049,2022-10-03,17.8
19049,2022-10-09,20.0
16465,2022-06-08,3.13
16465,2022-06-15,4.93
16465,2022-06-15,4.93
16465,2022-06-22,6.84
16465,2022-06-29,7.16
16465,2022-07-13,10.38
16465,2022-07-20,11.04
16465,2022-07-27,10.34
16465,2022-08-03,10.96
7616,2022-08-03,4.3
7616,2022-08-13,7.64
7616,2022-08-18,8.96
7616,2022-08-08,6.48
7616,2022-08-23,10.1
20669,2021-05-10,2.71
20669,2021-05-17,3.56
20669,2021-05-24,5.18
20669,2021-05-31,6.36
20669,2021-06-07,7.96
20669,2021-06-11,8.27
20669,2021-06-14,10.82
20669,2021-06-21,11.57
20669,2021-06-27,12.5
20669,2021-07-05,14.09
20669,2021-07-12,15.86
20669,2021-06-28,12.5
20669,2021-07-19,17.68
20669,2021-07-26,18.54
15402,2022-02-18,9.1
15402,2022-03-08,12.8
15402,2022-02-28,11.6
15402,2022-03-21,16.94
15402,2022-03-25,20.5
16159,2022-07-30,2.5
16159,2022-08-02,2.75
16159,2022-08-03,2.75
16159,2022-08-09,10.0
20614,2023-02-21,10.71
20614,2023-02-14,9.15
20614,2023-02-07,7.24
20614,2023-01-31,6.65
20614,2023-01-24,3.88
20614,2023-01-17,2.94
20614,2023-02-28,12.77
20614,2023-03-07,14.74
20614,2023-03-14,18.0
20614,2023-03-21,20.3
20614,2023-04-04,26.5
20614,2023-03-28,23.47
20024,2023-01-03,1.7
20024,2023-01-10,2.5
20024,2023-01-17,3.6
20024,2023-01-24,5.6
20024,2023-01-31,7.7
20024,2023-02-07,9.3
20024,2023-02-14,10.7
20024,2023-02-21,14.1
20024,2023-02-28,14.4
20024,2023-03-07,17.25
20024,2023-03-14,19.3
20024,2023-03-21,21.7
20024,2023-03-27,24.8
20024,2023-04-03,27.9
20024,2023-04-10,29.4
10704,2022-05-18,2.26
10704,2022-05-25,3.16
10704,2022-06-01,4.6
10704,2022-06-08,6.4
10704,2022-06-15,7.6
10704,2022-06-22,9.21
10704,2022-06-25,10.4
17404,2022-12-07,0.74
17404,2022-12-14,2.6
17404,2022-12-21,4.6
17404,2022-12-28,6.7
17404,2023-01-04,8.6
17404,2023-01-11,10.65
17404,2023-01-11,10.65
19306,2023-04-12,2.9
19306,2023-04-19,3.39
19306,2023-04-26,5.76
19306,2023-05-03,8.28
19306,2023-05-10,10.65
19306,2023-05-15,11.88
19306,2023-05-24,15.55
19306,2023-05-27,16.11
19306,2023-06-03,17.01
19306,2023-06-10,18.6
19306,2023-06-15,19.4
19306,2023-06-18,20.5
19306,2023-06-21,19.41
19306,2023-06-26,20.44
17403,2023-04-06,5.05
17403,2023-04-12,7.01
17403,2023-04-17,9.6
17403,2023-04-28,15.7
17403,2023-05-11,22.0
17403,2023-05-19,24.9
17403,2023-05-27,28.5
17403,2023-06-04,31.5
18536,2022-09-17,3.4
18536,2022-09-24,6.0
18536,2022-10-01,8.6
18536,2022-10-08,11.2
19519,2022-11-03,4.63
19519,2022-11-09,5.5
19519,2022-11-13,6.0
19519,2022-11-18,6.2
19519,2022-11-28,7.9
19519,2022-12-03,7.8
19519,2022-12-08,10.2
19519,2022-12-12,12.0
19519,2022-12-15,13.7
18056,2022-10-11,2.0
18056,2022-10-17,3.1
18056,2022-10-24,4.26
18056,2022-10-31,5.5
18056,2022-11-08,5.87
18056,2022-11-15,5.9
18056,2022-11-22,7.1
18056,2022-11-29,8.3
18056,2022-12-06,9.06
18056,2022-12-14,10.1
18056,2022-12-19,10.6
20184,2022-06-19,6.75
20184,2022-06-12,4.15
20184,2022-06-26,9.56
20184,2022-07-03,10.91
18535,2023-02-01,0.72
18535,2023-02-08,1.7
18535,2023-02-08,1.7
18535,2023-02-08,1.7
18535,2023-02-08,1.7
18535,2023-02-15,2.95
18535,2023-02-21,4.77
18535,2023-02-22,4.77
18535,2023-03-01,7.94
18535,2023-03-08,10.35
18535,2023-03-15,11.1
18535,2023-03-22,13.79
18535,2023-04-12,17.01
18535,2023-04-05,13.57
18535,2023-03-29,12.39
18535,2023-04-19,21.23
18535,2023-04-26,24.18
18535,2023-05-03,26.47
18535,2023-05-10,29.19
18535,2023-05-17,30.47
18535,2023-05-24,34.29
18231,2022-09-06,4.0
22268,2022-08-07,12.5
22268,2022-08-14,20.0
22184,2022-11-09,0.38
22184,2022-11-16,1.0
22184,2022-11-23,2.23
22184,2022-11-23,2.23
22184,2022-12-07,5.17
22184,2022-11-30,3.31
22184,2022-12-14,7.9
22184,2022-12-21,10.65
22184,2022-12-21,10.65
22184,2022-12-28,12.96
22184,2022-12-28,12.96
22184,2023-01-04,15.59
22184,2023-01-11,17.48
22184,2023-01-18,20.73
22184,2023-01-18,20.73
16156,2022-10-30,1.23
16156,2022-11-09,2.64
16156,2022-11-16,5.28
16156,2022-11-23,7.78
16156,2022-11-30,10.9
16156,2022-12-07,12.48
16156,2022-12-14,13.34
18671,2023-01-25,1.62
18671,2023-02-01,2.41
18671,2023-02-08,6.23
18671,2023-02-15,7.7
18671,2023-02-21,9.0
18671,2023-02-22,9.0
18671,2023-03-01,10.38
18671,2023-03-08,13.0
18671,2023-03-15,14.5
18671,2023-03-22,14.5
18671,2023-04-12,18.4
18671,2023-04-05,17.4
18671,2023-03-29,19.4
18671,2023-04-19,20.0
18671,2023-04-26,21.3
18671,2023-05-03,23.6
21273,2022-12-10,3.51
21273,2022-12-17,4.55
21273,2022-12-24,6.37
21273,2022-12-31,7.52
21273,2023-01-07,8.67
21273,2023-01-14,9.57
21273,2023-01-18,9.81
21273,2023-01-29,14.08
16341,2021-11-23,3.2
16341,2021-12-02,3.7
16341,2021-12-11,6.2
16341,2021-12-16,7.75
16341,2021-12-21,8.81
16341,2021-12-26,11.5
16341,2021-12-22,9.3
16341,2022-01-05,15.6
16341,2022-01-13,19.45
16341,2022-01-18,20.43
16341,2022-01-22,21.8
16341,2022-01-26,23.64
16341,2022-02-01,27.23
16341,2022-02-05,28.0
16341,2022-02-11,30.6
16393,2022-06-24,3.33
16393,2022-07-01,3.8
16393,2022-07-08,5.24
16393,2022-07-15,6.88
17753,2022-04-09,3.2
17753,2022-04-19,6.1
16360,2022-08-16,3.8
16360,2022-08-26,6.3
18559,2022-09-24,4.56
15316,2022-07-28,9.1
15316,2022-08-26,12.0
19529,2022-06-13,4.1
19529,2022-07-02,8.6
18253,2022-12-18,2.39
18253,2022-12-25,3.95
18253,2023-01-01,5.46
18253,2023-01-14,8.01
18253,2023-01-08,5.89
16091,2022-09-06,3.2
16091,2022-09-13,5.0
16091,2022-09-20,6.5
16091,2022-09-28,8.2
16091,2022-10-01,9.8
15756,2023-02-06,1.6
15756,2023-02-13,3.0
15756,2023-02-20,4.6
15756,2023-02-27,6.2
15756,2023-03-06,8.3
15756,2023-03-13,10.5
15756,2023-03-19,12.46
15756,2023-03-20,12.46
15756,2023-03-27,15.4
15756,2023-04-03,17.5
15756,2023-04-09,19.2
15773,2022-06-02,3.0
15773,2022-06-12,6.5
15773,2022-06-22,6.9
15773,2022-07-02,7.2
15773,2022-07-12,8.0
15773,2022-07-22,12.5
17626,2022-10-25,3.49
17626,2022-11-01,5.83
19370,2022-08-07,12.5
19370,2022-08-14,20.0
19370,2022-08-21,22.22
19370,2022-08-24,25.0
17438,2021-07-03,4.93
17438,2021-07-09,6.3
17438,2021-07-16,7.8
17438,2021-07-23,9.7
17438,2021-07-30,11.26
17438,2021-08-11,16.53
17438,2021-08-13,17.21
17438,2021-08-20,20.56
14587,2022-07-14,5.0
14587,2022-07-26,8.33
18237,2023-01-25,1.65
18237,2023-02-01,2.5
18237,2023-02-08,4.47
18237,2023-02-15,6.1
18237,2023-02-21,8.4
18237,2023-02-22,8.4
18237,2023-03-01,9.86
18237,2023-03-08,12.72
18237,2023-03-15,13.7
18237,2023-03-22,15.32
18237,2023-04-12,16.8
18237,2023-04-05,15.9
18237,2023-03-29,18.36
18237,2023-04-19,19.6
18237,2023-04-26,21.3
18237,2023-05-03,21.72
22813,2022-10-11,1.86
22813,2022-10-17,3.0
22813,2022-10-24,4.36
22813,2022-10-31,5.4
22813,2022-11-08,6.26
22813,2022-11-15,6.26
22813,2022-11-22,7.75
22813,2022-11-01,8.8
22813,2022-11-29,8.8
22813,2022-12-06,10.3
22813,2022-12-14,11.1
22813,2022-12-19,11.8
19124,2022-10-13,5.97
16573,2022-08-11,5.2
16573,2022-08-18,6.7
16573,2022-08-23,8.87
16573,2022-08-31,10.12
16573,2022-09-12,14.05
16573,2022-09-22,20.58
16573,2022-10-06,31.56
18149,2022-05-08,3.4
18149,2022-05-15,5.68
18149,2022-05-22,7.04
18149,2022-06-04,10.41
18149,2022-06-08,11.28
18149,2022-06-08,11.28
18149,2022-06-15,13.29
18149,2022-06-21,14.28
18149,2022-06-29,16.51
18149,2022-07-09,20.12
18149,2022-07-17,23.25
19065,2021-12-02,2.96
19065,2021-12-09,4.61
19065,2021-12-16,8.9
19065,2021-12-23,11.4
19065,2021-12-30,14.57
23529,2022-12-17,2.13
23529,2022-12-24,3.23
23529,2022-12-31,5.36
23529,2023-01-07,6.17
23529,2023-01-08,5.89
23529,2023-01-14,8.31
23529,2023-01-21,9.21
23529,2023-01-28,10.21
23529,2023-02-02,10.23
23529,2023-02-11,12.47
15301,2023-01-03,1.4
15301,2023-01-10,2.1
15301,2023-01-17,3.3
15301,2023-01-24,5.6
15301,2023-01-31,6.7
15301,2023-02-07,8.2
15301,2023-02-14,10.0
15301,2023-02-21,12.5
15301,2023-02-28,14.1
15301,2023-03-07,15.73
15301,2023-03-14,17.8
15301,2023-03-21,19.7
15301,2023-03-27,22.0
15301,2023-04-03,24.7
15301,2023-04-10,26.1
15804,2022-11-25,3.9
16250,2021-06-12,22.73
15487,2022-08-04,0.01
15487,2022-08-17,0.25
15487,2022-08-17,0.25
15487,2022-08-24,0.37
15487,2022-08-31,0.77
15487,2022-09-07,1.38
15487,2022-09-14,2.54
15487,2022-09-21,3.51
15487,2022-09-28,5.71
15487,2022-10-19,13.2
15487,2022-10-05,5.6
15487,2022-10-12,10.15
15487,2022-10-12,10.15
15487,2022-10-26,14.21
15487,2022-11-02,17.78
15487,2022-11-02,17.78
15487,2022-11-09,20.17
15487,2022-11-16,23.51
15487,2022-11-16,23.51
15106,2022-04-17,4.8
20666,2022-10-17,3.9
12705,2023-02-27,6.25
12705,2023-03-12,9.09
17717,2021-10-02,0.75
17717,2021-10-11,2.0
17717,2021-10-21,4.2
17717,2021-10-31,6.8
17717,2021-11-10,9.88
17717,2021-11-15,9.2
18925,2022-10-19,2.3
18925,2022-10-26,3.7
18925,2022-11-02,5.06
18925,2022-11-09,6.58
18925,2022-11-16,6.6
18925,2022-11-23,6.66
18925,2022-11-30,7.64
18925,2022-12-07,8.03
18925,2022-12-14,9.8
18925,2022-12-21,10.6
19316,2022-11-02,0.31
19316,2022-11-09,0.83
19316,2022-11-16,1.5
19316,2022-11-23,2.03
19316,2022-12-07,3.92
19316,2022-11-30,2.68
19316,2022-12-14,5.67
19316,2022-12-21,6.59
19316,2022-12-21,6.59
19316,2022-12-28,9.84
19316,2022-12-28,9.84
19316,2023-01-04,10.13
19316,2023-01-11,12.56
19316,2023-01-18,13.07
19316,2023-01-18,13.07
19316,2023-01-24,14.13
19316,2023-01-25,14.13
19316,2023-02-01,15.92
19316,2023-02-08,17.3
14220,2023-04-07,2.0
17726,2022-11-25,4.62
17726,2022-12-02,6.37
17726,2022-12-09,9.89
17726,2022-12-16,12.02
17726,2022-12-23,14.64
17726,2022-12-30,17.67
17726,2023-01-06,19.11
18427,2022-12-17,1.72
18427,2022-12-24,2.84
18427,2022-12-31,4.71
18427,2023-01-07,5.36
18427,2023-01-08,7.05
18427,2023-01-14,9.05
18427,2023-01-21,9.41
17742,2023-04-23,4.54
15068,2022-09-24,3.23
15068,2022-09-30,4.21
15068,2022-10-07,6.55
15068,2022-10-14,8.67
15068,2022-10-21,10.02
15068,2022-10-28,11.72
15068,2022-11-09,15.44
15068,2022-11-03,13.85
15942,2023-02-24,1.9
15942,2023-03-03,2.0
15942,2023-03-10,3.7
15942,2023-03-17,4.5
16136,2023-02-01,1.06
16136,2023-02-01,1.06
16136,2023-02-08,2.23
16136,2023-02-15,4.04
16136,2023-02-21,5.69
16136,2023-02-22,5.69
16136,2023-02-22,5.69
16136,2023-03-01,8.18
16136,2023-03-08,10.03
16136,2023-03-15,11.58
16136,2023-03-22,12.22
16136,2023-03-29,13.85
16136,2023-04-05,14.38
16136,2023-04-12,18.46
16136,2023-04-19,22.71
16136,2023-04-26,24.59
16136,2023-05-03,26.5
16136,2023-05-10,28.18
16136,2023-05-17,31.9
15490,2022-08-11,5.5
15490,2022-08-18,7.1
15490,2022-08-23,8.67
15490,2022-08-31,11.83
15490,2022-09-12,16.94
15490,2022-09-22,21.61
15490,2022-10-06,28.8
17043,2023-01-14,2.8
17043,2023-01-21,3.6
17043,2023-01-28,5.5
17043,2023-02-04,7.6
17043,2023-02-11,10.4
17043,2023-02-18,12.8
17043,2023-02-23,17.59
17043,2023-03-04,20.8
17043,2023-03-11,23.2
17187,2023-03-31,1.6
17187,2023-04-10,3.65
15516,2022-12-14,6.2
15516,2022-12-21,9.81
15516,2022-12-28,15.55
16575,2023-03-01,3.33
16575,2023-03-08,4.83
16575,2023-03-15,6.3
16575,2023-03-22,7.84
16575,2023-04-12,16.29
16575,2023-04-05,13.89
16575,2023-03-29,11.07
16575,2023-04-19,21.08
16575,2023-04-26,24.17
16575,2023-05-03,26.05
16575,2023-05-10,29.23
16575,2023-05-17,31.18
16575,2023-05-24,32.15
16575,2023-05-31,34.27
16575,2023-06-05,35.95
16575,2023-06-07,35.95
16575,2023-06-14,36.6
16575,2023-06-20,37.8
16563,2022-08-18,7.3
16563,2022-08-23,9.15
16563,2022-08-31,12.06
16563,2022-09-12,17.07
16563,2022-08-11,5.9
16563,2022-09-22,21.06
16563,2022-10-06,28.25
18591,2023-04-11,7.3
18591,2023-04-15,9.5
18591,2023-05-04,18.0
18591,2023-04-30,15.38
20660,2022-12-18,2.34
20660,2022-12-25,3.73
20660,2023-01-01,4.81
20660,2023-01-14,8.06
20660,2023-01-08,6.22
20660,2023-01-22,8.82
16267,2022-11-25,4.71
16267,2022-12-02,5.73
16267,2022-12-09,8.83
16267,2022-12-16,11.87
16267,2022-12-23,13.9
16267,2022-12-30,16.57
16267,2023-01-06,17.72
17739,2021-10-02,0.95
17739,2021-10-11,2.4
17739,2021-10-21,4.2
17739,2021-10-31,7.5
17739,2021-11-10,10.18
17739,2021-11-15,11.0
22307,2022-06-29,3.2
22307,2022-07-03,4.3
22307,2022-07-12,6.3
22307,2022-07-18,6.8
19687,2022-06-29,2.5
19687,2022-07-11,4.4
15832,2023-01-17,2.44
15832,2023-01-24,3.43
15832,2023-01-31,5.1
15832,2023-02-07,5.73
15832,2023-02-14,7.53
15832,2023-02-21,8.43
15832,2023-02-28,9.59
15832,2023-03-07,11.46
15832,2023-03-14,13.28
15832,2023-03-21,17.29
15832,2023-04-04,20.9
15832,2023-03-28,16.96
18635,2022-10-30,4.0
21595,2023-04-12,2.0
21595,2023-04-19,3.29
21595,2023-04-26,5.16
21595,2023-05-03,8.13
21595,2023-05-10,9.59
21595,2023-05-15,11.06
21595,2023-05-24,13.27
21595,2023-05-27,12.89
21595,2023-06-03,14.26
21595,2023-06-10,15.13
21595,2023-06-15,15.85
21595,2023-06-18,17.09
21595,2023-06-21,17.29
21595,2023-06-26,18.73
19530,2022-09-26,10.0
17729,2022-08-10,12.3
18359,2022-10-04,6.01
18359,2022-10-11,7.62
15289,2022-10-22,3.0
15289,2022-10-29,4.6
15289,2022-11-05,6.5
15289,2022-11-11,8.5
17628,2022-10-12,0.31
17628,2022-10-19,0.69
17628,2022-10-26,1.2
17628,2022-11-02,2.45
17628,2022-11-02,2.45
17628,2022-11-09,3.82
17628,2022-11-16,5.3
17628,2022-11-23,7.83
17628,2022-12-07,12.98
17628,2022-11-30,9.75
17628,2022-12-14,13.92
17628,2022-12-21,15.19
17628,2022-12-28,19.1
17628,2023-01-04,21.48
17628,2023-01-11,24.56
12868,2022-06-19,5.45
12868,2022-06-12,2.86
12868,2022-06-26,6.48
12868,2022-07-03,7.25
12868,2022-07-19,10.99
21098,2021-11-07,2.7
21098,2021-11-17,4.3
19369,2022-10-04,6.69
19369,2022-10-11,7.26
19253,2021-11-17,10.1
19253,2021-12-01,12.98
19253,2021-12-11,18.8
9095,2023-07-09,7.69
15782,2022-12-14,3.83
15782,2022-12-21,5.95
15782,2022-12-28,8.13
15782,2023-01-07,10.44
15782,2023-01-14,13.23
15782,2023-01-18,14.47
15782,2023-01-29,13.33
13308,2021-12-04,3.05
13308,2021-12-18,8.93
13308,2021-12-25,11.5
19214,2022-06-24,3.89
19214,2022-07-01,4.76
19214,2022-07-08,5.84
19214,2022-07-15,6.86
14630,2023-04-12,2.6
14630,2023-04-19,3.56
14630,2023-04-26,5.18
14630,2023-05-03,7.76
14630,2023-05-10,9.74
14630,2023-05-15,10.92
14630,2023-05-24,13.19
14630,2023-05-27,14.01
14630,2023-06-03,15.01
14630,2023-06-10,17.93
14630,2023-06-13,18.59
14630,2023-06-18,20.13
14630,2023-06-21,20.48
14630,2023-06-26,21.69
18937,2021-05-19,3.69
18937,2021-05-26,4.82
18937,2021-06-02,6.12
18937,2021-06-09,7.89
18937,2021-06-16,10.44
18937,2021-06-24,12.2
18937,2021-06-30,14.27
18937,2021-07-08,17.24
18937,2021-07-14,19.97
18937,2021-07-21,21.27
21020,2023-03-14,1.7
21020,2023-03-21,2.62
21020,2023-03-28,6.1
21020,2023-04-04,8.5
21020,2023-04-25,17.9
21020,2023-04-18,14.5
21020,2023-04-11,11.7
21020,2023-05-09,23.8
21020,2023-05-02,18.0
21020,2023-05-16,26.5
21020,2023-05-23,31.2
21020,2023-05-30,31.9
18923,2022-03-12,4.0
18923,2022-03-19,5.66
18923,2022-03-26,7.43
18923,2022-03-31,10.0
18923,2022-04-02,10.49
18923,2022-04-08,13.6
18923,2022-04-12,17.59
18923,2022-04-19,19.43
16509,2022-11-25,5.2
16509,2022-12-01,6.7
16509,2022-12-10,5.7
18467,2022-11-02,0.34
18467,2022-11-09,1.1
18467,2022-11-16,2.0
18467,2022-11-16,2.0
18467,2022-11-23,3.03
18467,2022-12-07,5.11
18467,2022-11-30,5.11
18467,2022-12-14,7.34
18467,2022-12-21,10.39
18467,2022-12-21,10.39
18467,2022-12-28,11.96
18467,2022-12-28,11.56
19872,2022-07-12,14.8
22404,2022-08-24,9.3
22404,2022-08-15,7.5
22404,2022-09-03,14.75
22404,2022-08-20,7.51
22404,2022-08-29,12.11
16052,2022-11-23,3.14
16052,2022-11-30,4.39
16052,2022-12-07,5.3
16052,2022-12-13,6.58
16052,2022-12-19,8.16
16052,2022-12-25,9.24
16052,2022-12-31,10.41
16052,2023-01-06,11.05
16052,2023-01-12,13.11
16052,2023-01-18,14.79
16052,2023-01-24,15.96
16052,2023-01-30,17.78
16052,2023-02-01,18.23
16708,2022-05-19,5.6
16708,2022-05-23,9.22
16708,2022-05-30,9.46
16708,2022-06-14,16.26
16708,2022-06-05,10.3
16708,2022-06-13,13.52
16708,2022-07-02,21.97
16708,2022-07-08,23.8
17696,2023-01-01,3.42
17696,2023-01-07,4.37
17696,2023-01-15,5.47
17696,2023-01-22,7.34
17696,2023-01-29,9.11
20216,2022-04-12,1.9
20216,2022-04-21,2.24
20216,2022-05-01,3.19
20216,2022-05-11,5.79
20216,2022-05-21,8.87
20216,2022-05-31,11.7
20216,2022-06-10,13.3
20401,2021-12-25,4.6
20401,2022-01-01,5.94
20401,2022-01-07,7.94
20401,2022-01-14,9.69
20401,2022-01-28,17.2
20401,2022-02-04,16.7
20401,2022-02-11,24.0
20978,2022-07-28,0.01
20978,2022-08-11,0.1
20978,2022-08-17,0.47
20978,2022-08-24,0.87
20978,2022-08-31,1.43
20978,2022-08-31,1.43
20978,2022-09-07,2.07
20978,2022-09-14,3.61
20978,2022-09-21,5.28
20978,2022-09-28,7.27
20978,2022-09-28,7.27
20978,2022-10-05,9.52
20978,2022-10-12,12.59
20978,2022-10-19,14.19
20978,2022-10-26,15.6
20978,2022-11-02,17.21
20978,2022-11-09,18.72
20978,2022-11-16,20.95
20978,2022-11-16,20.95
20978,2022-11-23,21.76
17831,2022-05-01,1.79
17831,2022-05-11,3.0
17831,2022-05-21,5.29
17831,2022-05-31,7.58
17831,2022-06-10,10.6
17831,2022-06-20,14.0
18734,2023-04-12,2.7
18734,2023-04-19,3.12
18734,2023-04-26,4.72
18734,2023-05-03,7.15
18734,2023-05-10,8.86
18734,2023-05-15,10.53
18734,2023-05-24,12.76
18734,2023-05-27,12.95
18734,2023-06-03,14.53
18734,2023-06-10,16.19
18734,2023-06-13,16.24
18734,2023-06-18,17.86
18734,2023-06-21,19.01
18734,2023-06-26,19.05
20956,2023-07-07,20.0
17634,2022-05-12,5.82
17634,2022-05-05,4.86
17634,2022-05-19,8.97
17634,2022-06-04,13.84
17634,2022-05-28,10.38
17634,2022-06-14,18.78
17634,2022-06-18,21.46
17634,2022-06-26,24.5
17634,2022-07-02,27.68
17634,2022-07-08,31.92
17634,2022-07-14,34.72
18744,2022-06-19,6.26
18744,2022-06-12,3.9
18744,2022-06-26,7.72
18744,2022-07-03,9.29
18744,2022-07-19,15.48
17225,2022-06-22,4.91
17225,2022-06-29,5.67
17225,2022-07-06,6.78
17225,2022-07-13,9.97
17225,2022-07-20,12.98
14972,2022-07-12,4.64
14972,2022-07-19,6.63
14972,2022-07-26,9.24
14972,2022-08-02,13.68
14972,2022-08-09,18.46
22445,2022-12-14,1.53
22445,2022-12-19,2.06
22445,2022-12-26,3.19
22445,2023-01-02,4.62
22445,2023-01-09,6.68
22445,2023-01-16,8.06
22445,2023-01-23,9.35
22445,2023-01-31,12.27
22445,2023-02-06,13.84
20662,2022-10-30,2.2
20662,2022-11-08,3.2
20662,2022-11-14,4.0
20662,2022-11-20,4.0
20662,2022-11-27,5.0
20662,2022-12-04,5.35
20662,2022-12-14,6.54
20662,2022-12-21,7.4
16272,2023-01-01,3.14
16272,2023-01-07,4.18
16272,2023-01-15,5.66
16272,2023-01-22,7.27
16272,2023-01-29,9.02
9096,2023-01-14,2.7
9096,2023-01-21,3.4
9096,2023-01-28,5.2
9096,2023-02-04,7.7
9096,2023-02-11,10.6
9096,2023-02-18,12.9
9096,2023-02-25,15.87
9096,2023-03-04,18.2
9096,2023-03-11,20.0
21350,2022-08-31,0.19
21350,2022-09-07,0.34
21350,2022-09-14,0.56
21350,2022-09-28,1.48
21350,2022-10-05,3.01
21350,2022-10-12,4.36
21350,2022-10-19,6.77
21350,2022-10-26,8.8
21350,2022-11-02,11.14
21350,2022-11-02,11.14
21350,2022-11-09,14.02
21350,2022-09-21,0.89
21350,2022-11-16,14.05
21350,2022-11-23,19.33
21350,2022-12-07,23.3
21350,2022-11-30,21.1
21350,2022-12-14,24.36
21350,2022-12-21,26.11
16154,2022-11-16,20.95
16154,2022-11-30,1.3
16154,2022-12-07,3.38
16154,2022-12-14,6.67
16154,2022-12-14,6.67
16154,2022-12-21,9.24
16154,2022-12-21,9.24
16154,2022-12-21,9.24
16154,2022-12-28,10.96
16154,2023-01-04,17.03
16154,2023-01-04,17.03
16154,2023-01-11,17.95
16154,2023-01-18,20.98
16154,2023-01-25,24.38
16154,2023-02-01,27.21
16154,2023-02-01,27.21
16154,2023-02-08,28.7
16154,2023-02-15,30.29
10711,2021-09-03,4.8
10711,2021-09-11,5.0
10711,2021-09-17,6.3
10711,2021-09-24,7.2
19298,2022-07-12,4.92
19298,2022-07-19,6.67
19298,2022-07-26,9.38
19298,2022-08-02,12.0
19298,2022-08-09,15.91
14289,2021-05-10,2.7
14289,2021-05-17,3.81
14289,2021-05-24,5.43
14289,2021-05-31,6.45
14289,2021-06-07,7.91
14289,2021-06-11,8.7
14289,2021-06-14,10.05
14289,2021-06-21,12.38
14289,2021-06-27,13.47
14289,2021-07-05,16.27
14289,2021-07-12,17.72
14289,2021-06-28,13.47
14289,2021-07-19,19.46
14289,2021-07-26,21.36
18326,2022-06-19,7.1
18326,2022-06-12,5.12
18326,2022-06-26,7.81
18326,2022-07-03,9.05
18326,2022-07-19,12.45
20438,2022-10-30,0.71
20438,2022-11-09,2.31
20438,2022-11-16,5.11
20438,2022-11-23,7.71
20438,2022-11-30,9.58
20438,2022-12-07,12.82
20438,2022-12-14,11.77
20438,2023-01-03,19.57
20438,2022-12-20,11.45
20438,2023-01-10,22.53
17747,2022-05-30,7.4
15221,2022-07-11,1.81
15221,2022-07-21,3.5
15221,2022-07-26,5.04
15221,2022-07-31,6.04
19064,2023-04-25,6.6
15505,2022-07-27,0.01
15505,2022-08-11,0.12
15505,2022-08-17,0.33
15505,2022-08-24,0.71
15505,2022-08-31,1.16
15505,2022-09-07,1.79
15505,2022-09-14,2.8
15505,2022-09-21,3.51
15505,2022-09-28,5.72
15505,2022-09-28,5.72
15505,2022-10-05,7.96
15505,2022-10-12,9.94
15505,2022-10-19,11.72
15505,2022-10-26,14.06
15505,2022-11-02,14.6
15505,2022-11-09,15.55
15505,2022-11-16,16.9
15505,2022-11-16,16.9
15505,2022-11-23,18.99
15505,2022-11-23,18.99
15505,2022-11-30,18.96
15505,2022-12-07,18.49
18833,2023-04-12,2.6
18833,2023-04-19,3.52
18833,2023-04-26,5.95
18833,2023-05-03,8.21
18833,2023-05-10,10.37
18833,2023-05-15,11.31
18833,2023-05-24,14.55
18833,2023-05-27,14.29
18833,2023-06-03,15.78
18833,2023-06-10,16.5
18833,2023-06-15,17.88
18833,2023-06-20,18.28
18833,2023-06-21,18.35
18833,2023-06-26,19.12
18029,2021-05-10,2.3
18029,2021-05-17,3.66
18029,2021-05-24,5.09
18029,2021-05-31,6.24
18029,2021-06-07,7.83
18029,2021-06-11,7.97
18029,2021-06-14,9.22
18029,2021-06-21,11.05
18029,2021-06-27,11.77
18029,2021-07-05,14.36
18029,2021-07-12,16.19
18029,2021-06-28,11.77
18029,2021-07-19,18.19
18029,2021-07-26,20.71
16165,2023-03-30,1.06
16165,2023-04-09,2.63
16165,2023-04-16,3.7
16165,2023-04-28,6.16
19682,2023-03-28,1.36
19682,2023-04-04,2.18
19682,2023-04-11,4.01
19682,2023-04-18,5.62
19682,2023-04-25,6.74
19682,2023-05-02,8.12
19692,2023-01-17,3.09
19692,2023-01-24,4.31
19692,2023-01-31,5.16
19692,2023-02-07,7.13
19692,2023-02-14,8.67
19692,2023-02-21,9.52
19692,2023-02-28,12.7
19692,2023-03-07,14.3
19692,2023-03-14,16.86
19692,2023-03-21,17.28
19692,2023-03-28,18.3
19692,2023-04-04,20.4
19692,2023-04-11,24.3
19692,2023-07-11,2.0
15217,2022-11-01,3.8
15217,2022-11-01,4.2
15217,2022-11-19,10.2
17746,2022-12-14,3.6
17746,2022-12-21,5.8
17746,2022-12-28,7.67
17746,2023-01-07,9.91
17746,2023-01-14,12.22
17746,2023-01-18,12.38
17746,2023-01-29,12.5
20663,2022-04-02,3.58
20663,2022-04-09,4.82
20663,2022-04-16,6.25
20663,2022-04-22,8.25
16051,2022-11-02,3.5
16051,2022-11-27,12.0
9090,2022-08-01,0.02
9090,2022-08-17,0.29
9090,2022-08-24,0.37
9090,2022-08-31,0.87
9090,2022-09-07,1.2
9090,2022-09-14,2.0
9090,2022-09-21,2.44
9090,2022-09-28,3.77
9090,2022-10-05,5.32
9090,2022-10-12,7.2
9090,2022-10-12,7.2
9090,2022-10-19,9.46
9090,2022-10-19,9.46
9090,2022-10-26,10.51
9090,2022-11-02,13.16
9090,2022-11-09,14.17
9090,2022-11-16,16.43
9090,2022-11-23,19.31
9090,2022-11-23,19.31
9090,2022-11-23,19.31
9090,2022-11-23,19.31
19683,2022-05-01,3.35
19683,2022-05-07,4.2
19683,2022-05-13,6.63
20953,2021-12-27,2.86
20953,2021-12-30,3.4
20953,2022-01-03,4.98
20953,2022-01-06,4.8
20953,2022-01-10,6.67
20953,2022-01-13,7.45
20953,2022-01-18,9.4
20953,2022-01-27,12.48
13791,2022-11-03,3.38
13791,2022-11-10,4.39
13791,2022-11-17,5.96
13791,2022-11-24,8.77
19252,2022-12-18,2.45
19252,2022-12-25,3.98
19252,2023-01-01,6.33
19252,2023-01-14,9.88
19252,2023-01-08,7.63
19252,2023-01-22,10.54
19252,2023-01-29,13.17
19252,2023-02-02,14.99
19252,2023-02-11,17.98
21662,2023-05-20,22.22
20526,2022-09-02,2.96
20526,2022-09-09,4.7
20526,2022-09-19,8.8
20526,2022-09-26,10.5
20526,2022-10-03,11.6
20526,2022-10-10,16.1
17563,2022-06-24,3.78
17563,2022-07-01,4.8
17563,2022-07-08,5.9
17563,2022-07-15,7.58
9094,2022-06-21,4.1
14824,2022-06-13,6.3
14824,2022-06-20,4.1
14824,2022-06-28,5.45
18224,2023-03-28,1.24
18224,2023-04-04,2.51
18224,2023-04-11,4.13
18224,2023-04-18,5.55
18224,2023-04-25,6.03
18224,2023-05-01,7.51
9105,2022-08-11,5.8
9105,2022-08-18,7.9
9105,2022-08-23,9.46
9105,2022-08-31,13.32
9105,2022-09-12,19.51
9105,2022-09-22,20.92
9105,2022-10-06,26.94
12862,2022-10-30,1.04
12862,2022-11-09,2.94
12862,2022-11-16,5.9
12862,2022-11-23,7.92
12862,2022-11-30,9.39
12862,2022-12-07,13.13
12862,2022-12-14,11.34
15868,2022-10-19,1.8
15868,2022-10-26,3.2
15868,2022-11-02,5.0
15868,2022-11-16,6.22
15868,2022-11-09,5.77
15868,2022-11-23,6.22
15868,2022-11-30,7.06
15868,2022-12-07,7.9
15868,2022-12-14,8.44
15868,2022-12-21,9.7
21413,2022-08-25,4.4
21413,2022-09-07,9.09
21413,2022-09-21,13.3
21413,2022-09-28,16.1
17112,2022-10-10,2.75
17112,2022-10-16,3.71
17112,2022-10-22,5.67
17112,2022-10-27,7.61
17112,2022-11-01,9.24
17112,2022-11-06,10.76
17112,2022-11-11,12.63
17112,2022-11-16,14.45
17112,2022-11-22,16.84
17112,2022-11-27,19.34
17112,2022-12-02,20.88
17112,2022-12-06,22.3
17112,2022-12-11,24.23
17112,2022-12-15,26.08
18675,2021-12-04,2.49
18675,2021-12-18,8.43
18675,2021-12-25,10.32
18028,2022-07-25,13.0
18028,2022-09-02,17.5
18028,2022-09-19,24.3
16398,2022-08-23,3.66
16398,2022-09-30,5.21
16398,2022-10-07,8.5
16398,2022-10-14,9.91
16398,2022-10-28,14.5
16398,2022-10-21,12.1
16398,2022-11-11,19.23
16398,2022-11-03,16.12
16398,2022-11-17,21.28
16398,2022-11-24,23.95
18609,2022-07-12,7.13
18609,2022-07-19,8.93
16335,2022-06-22,3.14
16335,2022-06-29,4.1
16335,2022-07-06,5.37
16335,2022-07-13,5.98
16335,2022-07-20,6.58
19670,2022-11-09,1.03
19670,2022-11-16,2.0
19670,2022-11-16,2.0
19670,2022-11-23,2.88
19670,2022-12-07,4.22
19670,2022-11-30,4.22
19670,2022-12-14,7.17
19670,2022-12-21,8.8
19670,2022-12-21,8.8
19670,2022-12-28,11.08
19670,2022-12-28,11.08
19670,2023-01-04,12.2
19670,2023-01-11,14.3
19670,2023-01-18,16.07
19670,2023-01-18,16.07
19670,2023-01-24,16.09
19670,2023-01-25,16.09
19670,2023-02-01,16.58
19670,2023-02-08,19.7
19044,2022-10-11,2.5
19044,2022-10-17,3.03
19044,2022-10-24,4.7
19044,2022-10-31,6.25
19044,2022-11-08,6.25
19044,2022-11-15,6.25
19044,2022-11-22,7.16
19044,2022-11-29,8.1
19044,2022-12-06,8.87
19044,2022-12-14,9.1
19044,2022-12-19,10.3
17274,2022-12-21,0.79
17274,2022-12-28,2.15
17274,2023-01-04,3.0
17274,2023-01-11,4.8
17274,2023-01-18,6.6
17274,2023-01-25,8.86
17274,2023-02-01,12.3
17274,2023-02-08,14.9
17274,2023-02-15,17.5
17274,2023-02-21,19.1
17274,2023-02-22,19.1
17274,2023-03-01,20.5
17274,2023-03-15,25.3
17274,2023-03-08,20.5
12856,2022-08-15,2.11
12856,2022-08-22,3.65
12856,2022-08-29,5.65
12856,2022-09-05,6.92
12856,2022-09-12,8.71
12856,2022-09-18,9.43
12856,2022-09-26,13.45
12505,2022-06-20,3.4
12505,2022-07-04,7.25
19684,2023-04-12,2.6
19684,2023-04-19,3.47
19684,2023-04-26,5.23
19684,2023-05-03,7.05
19684,2023-05-10,9.35
19684,2023-05-15,11.37
19684,2023-05-24,13.44
19684,2023-05-27,13.46
19684,2023-06-03,14.84
19684,2023-06-10,17.4
19684,2023-06-13,18.63
19684,2023-06-18,20.16
19684,2023-06-21,20.22
19684,2023-06-26,20.79
20992,2022-07-12,7.14
20992,2022-07-19,8.87
20992,2022-07-26,9.31
20992,2022-08-02,12.22
19681,2022-12-18,2.33
19681,2022-12-25,4.03
19681,2023-01-01,6.21
19681,2023-01-14,9.11
19681,2023-01-08,7.33
19681,2023-01-22,9.25
22273,2022-11-09,0.5
22273,2022-11-20,2.0
22273,2022-11-29,4.9
22273,2022-12-09,5.5
22273,2022-12-18,12.2
22273,2022-12-23,13.2
19098,2022-08-15,1.9
19098,2022-08-22,3.31
19098,2022-08-29,4.7
19098,2022-09-05,6.75
19098,2022-09-12,8.61
19098,2022-09-19,9.9
19098,2022-09-26,13.05
19098,2022-10-03,14.5
19098,2022-10-10,15.26
19098,2022-10-16,16.74
17456,2022-10-30,2.7
17456,2022-11-08,4.7
17456,2022-11-14,6.6
17456,2022-11-20,7.0
17456,2022-11-27,7.5
17456,2022-12-05,7.5
17456,2022-12-14,9.3
17456,2022-12-20,10.5
21182,2023-02-15,1.5
21182,2023-02-22,1.8
21182,2023-03-01,2.9
21182,2023-03-07,4.88
21182,2023-03-14,5.7
21182,2023-03-21,7.9
21182,2023-03-27,9.3
21182,2023-04-03,11.0
21182,2023-04-10,13.7
18920,2020-01-26,8.86
18920,2021-02-11,14.5
18920,2021-03-02,22.52
19375,2022-06-29,3.9
19375,2022-07-11,4.8
19375,2022-07-18,9.0
15288,2022-12-07,0.24
15288,2022-09-20,0.6
15288,2022-12-14,0.95
15288,2022-12-14,0.95
15288,2022-12-21,2.5
15288,2022-12-25,3.8
15288,2022-12-28,4.2
15288,2023-01-04,6.5
15288,2023-01-11,7.1
15288,2023-01-11,7.1
15288,2023-01-18,9.35
15288,2023-01-18,9.35
15288,2023-01-25,10.94
15288,2023-02-01,13.51
15288,2023-02-08,15.7
15288,2023-02-15,17.0
15288,2023-02-21,18.02
15288,2023-02-22,18.02
15288,2023-03-01,19.82
15288,2023-03-15,24.0
15288,2023-03-08,22.45
16336,2023-05-09,1.9
16336,2023-05-16,3.0
16336,2023-05-23,5.7
16336,2023-05-30,6.9
17687,2022-06-10,2.0
15853,2022-08-15,1.95
15853,2022-08-22,3.36
15853,2022-08-29,4.95
15853,2022-09-05,6.59
15853,2022-09-12,7.88
15853,2022-09-19,9.06
15853,2022-09-26,11.85
15853,2022-10-03,13.35
15853,2022-10-10,14.03
15853,2022-10-16,15.95
16155,2022-05-24,4.96
16155,2022-05-31,8.4
16155,2022-06-07,9.3
16251,2022-06-30,4.7
16251,2022-07-11,7.7
16251,2022-07-22,7.9
16799,2022-11-29,2.52
16799,2022-12-06,2.63
16799,2022-12-13,3.32
16799,2022-12-20,4.77
16799,2022-12-27,5.38
16799,2023-01-10,4.92
16799,2023-01-02,5.6
15970,2022-07-25,0.01
15970,2022-08-10,0.19
15970,2022-08-17,0.45
15970,2022-08-24,0.66
15970,2022-08-31,1.11
15970,2022-08-31,1.11
15970,2022-09-07,1.63
15970,2022-09-14,2.82
15970,2022-09-21,4.44
15970,2022-09-28,6.61
15970,2022-09-28,6.61
15970,2022-10-05,9.45
15970,2022-10-12,10.96
15970,2022-10-19,12.96
15970,2022-10-26,13.66
15970,2022-11-02,16.26
15970,2022-11-09,18.36
15970,2022-11-16,20.28
15970,2022-11-16,20.28
15970,2022-11-23,21.76
20834,2023-01-03,0.6
20834,2023-01-10,1.3
20834,2023-01-17,2.0
20834,2023-01-24,3.8
20834,2023-01-31,4.9
20834,2023-02-07,6.9
20834,2023-02-14,8.1
20834,2023-02-21,10.6
20834,2023-02-28,12.2
20834,2023-03-07,13.33
20834,2023-03-14,15.2
20834,2023-03-21,17.8
20834,2023-03-27,20.0
20834,2023-04-03,21.8
20834,2023-04-10,24.2
15503,2023-07-11,6.25
19696,2022-08-15,1.83
19696,2022-08-22,3.75
19696,2022-08-29,6.5
19696,2022-09-05,7.0
19696,2022-09-12,9.12
19696,2022-09-19,10.5
19696,2022-09-26,13.13
19696,2022-09-26,13.13
19696,2022-10-03,15.33
19696,2022-10-10,16.97
19696,2022-10-16,18.69
14096,2022-09-06,6.66
14096,2022-09-13,8.33
14096,2022-09-20,10.1
14096,2022-09-27,12.34
14096,2022-10-04,14.7
14096,2022-10-11,17.54
17941,2023-06-06,2.5
17941,2023-06-13,4.0
17941,2023-06-20,6.6
18134,2021-03-09,2.67
18134,2021-03-16,4.02
18134,2021-03-30,8.4
18134,2021-04-06,9.26
18134,2021-04-13,10.58
20610,2022-10-11,3.0
20610,2022-10-17,3.6
20610,2022-10-24,4.41
20610,2022-10-31,5.9
20610,2022-11-08,6.83
20610,2022-11-15,6.83
20610,2022-11-22,7.81
20610,2022-11-29,8.8
20610,2022-12-06,10.08
20610,2022-12-14,11.1
20610,2022-12-19,11.9
17063,2022-09-12,4.6
16167,2022-08-03,0.01
16167,2022-08-17,0.17
16167,2022-08-24,0.24
16167,2022-08-31,0.97
16167,2022-09-07,1.61
16167,2022-09-14,2.72
16167,2022-09-28,6.26
16167,2022-10-05,7.72
16167,2022-10-12,10.01
16167,2022-10-12,10.01
16167,2022-09-21,4.22
16167,2022-10-19,12.22
16167,2022-10-19,12.22
16167,2022-10-26,12.46
16167,2022-11-02,13.79
16167,2022-11-02,13.79
16167,2022-11-09,15.12
16167,2022-11-16,17.3
16167,2022-11-23,19.95
16167,2022-11-23,19.95
16167,2022-11-30,21.48
16167,2022-11-30,21.48
16611,2022-02-06,0.05
16611,2022-03-06,2.65
16611,2022-03-13,3.62
16611,2022-03-20,5.4
16611,2022-03-27,7.65
16611,2022-04-03,8.79
16611,2022-04-10,10.38
16611,2022-04-17,11.47
16611,2022-04-24,12.65
16611,2022-05-09,15.64
16611,2022-05-15,18.09
16611,2022-05-23,19.2
16611,2022-05-29,20.03
19640,2022-05-14,5.76
19640,2022-05-21,8.3
19640,2022-05-28,10.44
19640,2022-06-06,12.64
18789,2022-05-11,2.8
18789,2022-05-18,3.08
18789,2022-06-28,12.5
19671,2022-11-08,7.5
19671,2022-11-22,13.5
16958,2022-09-23,3.91
16958,2022-10-07,7.78
16958,2022-09-30,6.08
16958,2022-10-14,10.9
16958,2022-10-21,11.75
16958,2022-10-28,14.08
16958,2022-11-11,18.6
16958,2022-11-03,15.89
16958,2022-11-17,20.66
16958,2022-11-24,23.66
21967,2022-10-04,6.18
21967,2022-10-11,7.6
16055,2022-07-22,17.0
19078,2022-10-05,0.19
19078,2022-10-12,0.59
19078,2022-10-19,0.9
19078,2022-10-26,1.53
19078,2022-11-02,2.25
19078,2022-11-02,2.25
19078,2022-11-09,4.02
19078,2022-11-16,4.77
19078,2022-11-23,6.62
19078,2022-12-07,11.56
19078,2022-11-30,8.51
19078,2022-12-14,12.6
19078,2022-12-21,16.51
19078,2022-12-28,18.08
19078,2023-01-04,23.08
19078,2023-01-11,23.6
19078,2023-01-18,26.0
20407,2021-07-03,4.67
20407,2021-07-09,5.9
20407,2021-07-16,8.6
20407,2021-07-23,10.8
20407,2021-07-30,12.7
20407,2021-08-13,17.16
20407,2021-08-20,20.33
10703,2022-12-14,0.91
10703,2022-12-19,1.58
10703,2022-12-26,2.18
10703,2023-01-02,4.06
10703,2023-01-09,5.07
10703,2023-01-16,6.27
10703,2023-01-23,7.51
10703,2023-01-31,9.13
10703,2023-02-06,8.04
7615,2023-02-01,1.3
7615,2023-02-08,2.9
7615,2023-02-15,4.85
7615,2023-02-21,5.66
7615,2023-02-22,5.66
7615,2023-03-01,9.9
7615,2023-03-08,10.61
7615,2023-03-15,13.4
7615,2023-03-22,14.96
7615,2023-04-12,19.06
7615,2023-04-05,16.9
7615,2023-03-29,17.29
7615,2023-04-19,20.0
7615,2023-04-26,22.4
7615,2023-05-03,24.5
7615,2023-05-10,26.2
7615,2023-05-17,28.3
7615,2023-05-24,29.9
7615,2023-05-31,33.0
23359,2022-09-11,1.6
23359,2022-09-19,2.7
23359,2022-09-26,4.2
23359,2022-10-03,6.1
23359,2022-10-10,7.01
23359,2022-10-21,8.2
17405,2022-12-14,0.83
17405,2022-12-19,1.54
17405,2022-12-26,2.27
17405,2023-01-02,4.5
17405,2023-01-09,5.64
17405,2023-01-16,7.04
17405,2023-01-23,9.08
17405,2023-01-31,11.72
17405,2023-02-06,12.4
21598,2022-08-15,1.66
21598,2022-08-22,3.06
21598,2022-08-29,5.35
21598,2022-09-05,6.8
21598,2022-09-12,8.56
21598,2022-09-18,10.0
21598,2022-09-26,14.65
21598,2022-10-03,15.3
21598,2022-10-10,15.61
21598,2022-10-16,18.16
9106,2022-08-15,1.85
9106,2022-08-22,3.33
9106,2022-08-29,5.47
9106,2022-09-05,6.81
9106,2022-09-12,8.17
9106,2022-09-19,9.65
9106,2022-09-26,11.67
9106,2022-10-03,13.83
9106,2022-10-10,14.7
9106,2022-10-16,16.7
15983,2023-07-07,6.6
18360,2023-01-05,3.7
18360,2023-01-10,4.75
18360,2023-01-11,5.2
18360,2023-01-12,5.2
18360,2023-01-06,3.7
18360,2023-01-07,3.7
18360,2023-01-08,3.7
18360,2023-01-09,3.7
18360,2023-01-13,5.2
18360,2023-01-14,5.2
18360,2023-01-15,5.9
18360,2023-01-16,5.9
18360,2023-01-17,5.9
18360,2023-01-18,5.9
18360,2023-01-19,5.9
18360,2023-01-20,7.36
18360,2023-01-19,5.9
18360,2023-01-21,7.7
18360,2023-01-22,7.7
18360,2023-01-23,7.7
18360,2023-01-24,8.57
18360,2023-01-24,9.1
18360,2023-01-25,9.1
18360,2023-01-28,9.78
18360,2023-01-29,9.78
18360,2023-01-30,10.04
18360,2023-01-31,10.04
18360,2023-02-01,10.04
18360,2023-02-02,10.04
18360,2023-02-04,11.26
18360,2023-02-05,11.26
18360,2023-02-10,13.3
18360,2023-02-12,13.3
18360,2023-02-16,14.39
18360,2023-02-17,14.39
17885,2022-10-31,4.49
17885,2022-11-04,4.97
17885,2022-11-11,6.54
17885,2022-11-18,8.95
17885,2022-11-25,11.69
17885,2022-12-02,14.8
17885,2022-12-10,20.3
17885,2022-12-16,22.5
18755,2022-05-01,1.17
18755,2022-05-11,2.03
18755,2022-05-21,4.57
18755,2022-05-31,6.04
18755,2022-06-10,8.3
18755,2022-06-20,11.8
15434,2018-07-20,3.97
15434,2018-07-27,5.34
15434,2018-08-03,6.72
15434,2018-08-10,7.14
15434,2018-08-17,9.46
15434,2018-08-24,10.33
15434,2018-08-30,11.0
15434,2018-09-05,11.87
15434,2018-09-15,14.51
15434,2018-09-21,15.32
18148,2022-11-02,0.49
18148,2022-11-09,1.5
18148,2022-11-16,2.2
18148,2022-11-16,2.2
18148,2022-11-23,4.23
18148,2022-12-07,5.44
18148,2022-11-30,5.44
18148,2022-12-14,9.78
18148,2022-12-21,11.7
18148,2022-12-21,10.7
18148,2022-12-28,14.72
18148,2022-12-28,14.72
18148,2023-01-04,15.9
18148,2023-01-11,17.5
18148,2023-01-18,20.63
18148,2023-01-18,20.63
18148,2023-01-24,21.9
18148,2023-01-25,21.9
15307,2023-03-28,1.39
15307,2023-04-04,2.55
15307,2023-04-11,4.44
15307,2023-04-18,5.16
15307,2023-04-25,6.49
15307,2023-05-01,7.66
15307,2023-05-09,8.25
16008,2023-03-23,4.72
16008,2023-03-30,6.09
16008,2023-04-06,8.1
16008,2023-04-12,8.33
19484,2023-03-29,5.5
19484,2023-04-02,6.25
18604,2022-09-24,2.5
18604,2022-10-01,4.5
20615,2022-11-09,0.34
20615,2022-11-16,0.9
20615,2022-11-23,1.56
20615,2022-11-23,1.56
20615,2022-12-07,4.06
20615,2022-11-30,2.72
20615,2022-12-14,5.56
20615,2022-12-21,7.67
20615,2022-12-21,7.67
20615,2022-12-28,9.39
20615,2022-12-28,9.39
20615,2023-01-04,12.76
20615,2023-01-11,12.97
20615,2023-01-18,14.84
20615,2023-01-18,14.84
20615,2023-01-24,16.28
20615,2023-01-25,16.28
20615,2023-02-08,20.95
20615,2023-02-01,18.19
20615,2023-02-15,20.04
20615,2023-02-22,23.6
20615,2023-02-21,23.6
19808,2022-10-25,2.8
19808,2022-11-01,3.63
